id;вакансия_id;кандидат;источник;дата отклика;этап
1;1;Сорокин Владислав Анатольевич;телеграм-канал;21.10.2024;нанят
2;1;Максимов Александр Владимирович;hh.ru;13.11.2024;оффер
3;1;Родионов Алексей Сергеевич;hh.ru;26.10.2024;интервью
4;1;Комаров Илья Алексеевич;hh.ru;04.11.2024;интервью
5;1;Осипова Светлана Ивановна;hh.ru;19.10.2024;скрининг
6;1;Новикова Милана Петровна;телеграм-канал;08.11.2024;скрининг
7;1;Ильина Маргарита Анатольевна;hh.ru;07.11.2024;скрининг
8;1;Воронов Максим Дмитриевич;телеграм-канал;08.11.2024;скрининг
9;1;Тарасов Александр Владимирович;hh.ru;14.11.2024;отклик
10;1;Степанова Светлана Алексеевна;hh.ru;17.10.2024;отклик
11;1;Соколова Галина Алексеевна;hh.ru;10.11.2024;отклик
12;1;Рыбакова Виктория Викторовна;реферал;21.10.2024;отклик
13;1;Никитин Денис Иванович;телеграм-канал;17.10.2024;отклик
14;1;Соловьев Евгений Олегович;hh.ru;22.10.2024;отклик
15;1;Полякова Оксана Сергеевна;телеграм-канал;08.11.2024;отклик
16;1;Новиков Олег Владимирович;hh.ru;16.11.2024;отклик
17;1;Павлова Юлия Александровна;hh.ru;29.10.2024;отклик
18;1;Зуева Ксения Андреевна;реферал;11.11.2024;отклик
19;1;Баранова Наталья Петровна;телеграм-канал;31.10.2024;отклик
20;2;Мухин Данил Викторович;hh.ru;28.03.2024;нанят
21;2;Власова Ирина Игоревна;hh.ru;25.03.2024;интервью
22;2;Орлова Милана Павловна;hh.ru;15.03.2024;интервью
23;2;Мельников Александр Геннадьевич;телеграм-канал;06.04.2024;интервью
24;2;Иванова Виктория Андреевна;hh.ru;20.03.2024;скрининг
25;2;Гусев Марк Борисович;реферал;03.04.2024;скрининг
26;2;Виноградова Людмила Борисовна;реферал;19.03.2024;скрининг
27;2;Зуев Кирилл Олегович;hh.ru;22.03.2024;скрининг
28;2;Васильева Ольга Ивановна;телеграм-канал;24.03.2024;отклик
29;2;Белова Анна Викторовна;телеграм-канал;28.03.2024;отклик
30;2;Воробьева Полина Андреевна;реферал;26.03.2024;отклик
31;2;Семенов Никита Анатольевич;сайт компании;02.04.2024;отклик
32;2;Жукова Милана Владимировна;сайт компании;06.04.2024;отклик
33;2;Романов Алексей Викторович;hh.ru;30.03.2024;отклик
34;2;Архипов Илья Дмитриевич;реферал;27.03.2024;отклик
35;2;Полякова Арина Павловна;hh.ru;31.03.2024;отклик
36;2;Поляков Илья Дмитриевич;реферал;03.04.2024;отклик
37;2;Тихонова Диана Петровна;hh.ru;27.03.2024;отклик
38;3;Зуева Наталья Олеговна;hh.ru;02.03.2024;нанят
39;3;Филиппова Софья Дмитриевна;телеграм-канал;29.03.2024;оффер
40;3;Алексеева Арина Олеговна;телеграм-канал;29.02.2024;интервью
41;3;Белов Игорь Юрьевич;телеграм-канал;09.03.2024;интервью
42;3;Никитин Марк Иванович;hh.ru;27.02.2024;интервью
43;3;Зайцев Илья Валерьевич;сайт компании;19.03.2024;интервью
44;3;Ильин Данил Юрьевич;hh.ru;06.03.2024;скрининг
45;3;Соловьева Маргарита Михайловна;сайт компании;02.03.2024;скрининг
46;3;Захаров Антон Константинович;телеграм-канал;19.03.2024;скрининг
47;3;Дмитриева Арина Владимировна;hh.ru;06.04.2024;скрининг
48;3;Антонова Алина Игоревна;телеграм-канал;26.02.2024;скрининг
49;3;Антонова Елена Андреевна;hh.ru;28.02.2024;отклик
50;3;Белов Данил Михайлович;hh.ru;14.03.2024;отклик
51;3;Яковлев Матвей Геннадьевич;hh.ru;18.03.2024;отклик
52;3;Лебедев Михаил Алексеевич;hh.ru;08.04.2024;отклик
53;3;Федорова Вера Константиновна;hh.ru;06.04.2024;отклик
54;3;Емельянов Сергей Константинович;hh.ru;11.03.2024;отклик
55;3;Мухин Марк Андреевич;телеграм-канал;02.04.2024;отклик
56;3;Афанасьев Роман Игоревич;hh.ru;28.02.2024;отклик
57;3;Савельев Михаил Валерьевич;сайт компании;21.03.2024;отклик
58;3;Гаврилов Александр Валерьевич;реферал;07.03.2024;отклик
59;4;Мельников Роман Геннадьевич;телеграм-канал;10.01.2024;нанят
60;4;Давыдова Людмила Дмитриевна;hh.ru;23.01.2024;интервью
61;4;Сорокин Михаил Сергеевич;реферал;05.01.2024;интервью
62;4;Панова Елизавета Павловна;hh.ru;12.01.2024;интервью
63;4;Филиппова Вера Анатольевна;hh.ru;10.02.2024;интервью
64;4;Воронова Ирина Геннадьевна;hh.ru;18.01.2024;скрининг
65;4;Блинова Юлия Юрьевна;телеграм-канал;30.01.2024;скрининг
66;4;Власова Ирина Дмитриевна;hh.ru;31.01.2024;скрининг
67;4;Котов Олег Михайлович;hh.ru;27.01.2024;скрининг
68;4;Кузнецов Сергей Игоревич;телеграм-канал;21.01.2024;скрининг
69;4;Волкова Светлана Валерьевна;сайт компании;10.02.2024;скрининг
70;4;Новикова Милана Николаевна;hh.ru;06.01.2024;скрининг
71;4;Маслова Анна Анатольевна;телеграм-канал;29.01.2024;отклик
72;4;Фролов Илья Игоревич;телеграм-канал;17.01.2024;отклик
73;4;Родионов Денис Владимирович;hh.ru;29.01.2024;отклик
74;4;Захаров Илья Павлович;телеграм-канал;16.02.2024;отклик
75;4;Антонов Михаил Анатольевич;hh.ru;03.02.2024;отклик
76;4;Лебедева Александра Борисовна;hh.ru;20.01.2024;отклик
77;4;Григорьев Владимир Константинович;hh.ru;19.01.2024;отклик
78;4;Фролова Вероника Юрьевна;hh.ru;24.01.2024;отклик
79;4;Блинов Николай Александрович;hh.ru;21.01.2024;отклик
80;4;Захарова Алёна Валерьевна;hh.ru;08.01.2024;отклик
81;4;Ковалева Ольга Николаевна;телеграм-канал;29.01.2024;отклик
82;4;Аксенова Анастасия Игоревна;телеграм-канал;14.02.2024;отклик
83;4;Быков Андрей Дмитриевич;реферал;11.01.2024;отклик
84;5;Колесников Егор Михайлович;реферал;12.04.2024;нанят
85;5;Кузнецова Ирина Александровна;hh.ru;14.04.2024;интервью
86;5;Осипов Алексей Олегович;hh.ru;28.04.2024;интервью
87;5;Михайлов Руслан Павлович;телеграм-канал;09.05.2024;интервью
88;5;Андреева Юлия Валерьевна;hh.ru;13.04.2024;интервью
89;5;Егоров Евгений Анатольевич;hh.ru;19.05.2024;скрининг
90;5;Баранов Александр Петрович;hh.ru;10.05.2024;скрининг
91;5;Тарасов Николай Павлович;hh.ru;06.05.2024;скрининг
92;5;Воронова Алёна Николаевна;hh.ru;03.05.2024;скрининг
93;5;Федорова Людмила Борисовна;сайт компании;11.05.2024;скрининг
94;5;Михайлова Милана Викторовна;hh.ru;25.04.2024;скрининг
95;5;Быкова Алёна Петровна;hh.ru;16.05.2024;отклик
96;5;Смирнова Екатерина Борисовна;hh.ru;23.04.2024;отклик
97;5;Давыдов Роман Борисович;реферал;02.05.2024;отклик
98;5;Петров Дмитрий Петрович;реферал;21.04.2024;отклик
99;5;Королев Роман Геннадьевич;hh.ru;27.04.2024;отклик
100;5;Котова Алина Геннадьевна;hh.ru;05.05.2024;отклик
101;5;Горбунова Алёна Ивановна;hh.ru;26.04.2024;отклик
102;5;Трофимова Татьяна Борисовна;сайт компании;19.04.2024;отклик
103;5;Никитин Евгений Игоревич;hh.ru;11.04.2024;отклик
104;5;Романова Диана Дмитриевна;hh.ru;09.05.2024;отклик
105;5;Медведева Ксения Константиновна;реферал;05.05.2024;отклик
106;5;Кудряшов Кирилл Владимирович;hh.ru;11.05.2024;отклик
107;6;Сидорова Оксана Владимировна;hh.ru;09.08.2024;нанят
108;6;Борисова Оксана Дмитриевна;сайт компании;29.08.2024;интервью
109;6;Гусев Руслан Андреевич;сайт компании;02.08.2024;интервью
110;6;Абрамов Иван Петрович;реферал;04.08.2024;скрининг
111;6;Григорьева Софья Андреевна;hh.ru;06.08.2024;скрининг
112;6;Сергеева Дарья Юрьевна;сайт компании;30.07.2024;скрининг
113;6;Карпова Алина Сергеевна;сайт компании;26.08.2024;отклик
114;6;Филиппова Ирина Александровна;hh.ru;25.08.2024;отклик
115;6;Гусев Кирилл Михайлович;hh.ru;14.08.2024;отклик
116;6;Ковалев Сергей Геннадьевич;телеграм-канал;05.08.2024;отклик
117;6;Белова Софья Александровна;hh.ru;27.08.2024;отклик
118;6;Сорокина Елена Николаевна;реферал;12.08.2024;отклик
119;6;Киселев Денис Олегович;реферал;16.08.2024;отклик
120;6;Яковлева Александра Геннадьевна;телеграм-канал;04.08.2024;отклик
121;7;Воронова Анна Константиновна;hh.ru;01.11.2024;нанят
122;7;Соколова Елена Викторовна;hh.ru;25.11.2024;интервью
123;7;Давыдова Дарья Анатольевна;hh.ru;18.11.2024;интервью
124;7;Савельева Ирина Олеговна;hh.ru;04.11.2024;скрининг
125;7;Максимова Александра Анатольевна;телеграм-канал;16.11.2024;скрининг
126;7;Быкова Александра Анатольевна;hh.ru;02.12.2024;скрининг
127;7;Захарова Полина Юрьевна;телеграм-канал;29.10.2024;отклик
128;7;Суворов Руслан Андреевич;hh.ru;26.11.2024;отклик
129;7;Маслов Кирилл Владимирович;сайт компании;06.11.2024;отклик
130;7;Николаев Сергей Дмитриевич;hh.ru;27.10.2024;отклик
131;7;Баранова Дарья Валерьевна;телеграм-канал;13.11.2024;отклик
132;7;Карпова Юлия Константиновна;телеграм-канал;08.11.2024;отклик
133;7;Исакова Полина Павловна;телеграм-канал;23.10.2024;отклик
134;8;Дмитриева Маргарита Алексеевна;hh.ru;29.10.2024;нанят
135;8;Сидорова Алёна Игоревна;реферал;22.10.2024;интервью
136;8;Герасимова Анна Олеговна;сайт компании;21.10.2024;интервью
137;8;Воробьев Руслан Геннадьевич;hh.ru;18.11.2024;скрининг
138;8;Никитина Маргарита Алексеевна;реферал;10.11.2024;скрининг
139;8;Абрамова Валерия Алексеевна;сайт компании;11.11.2024;скрининг
140;8;Васильев Кирилл Александрович;телеграм-канал;22.10.2024;отклик
141;8;Сидорова Татьяна Анатольевна;hh.ru;14.11.2024;отклик
142;8;Фролов Руслан Викторович;hh.ru;13.11.2024;отклик
143;8;Емельянов Олег Константинович;hh.ru;14.11.2024;отклик
144;8;Блинов Иван Андреевич;hh.ru;07.11.2024;отклик
145;9;Блинов Артём Анатольевич;телеграм-канал;23.08.2024;нанят
146;9;Михайлов Данил Павлович;реферал;22.08.2024;оффер
147;9;Сафронов Михаил Александрович;телеграм-канал;31.08.2024;интервью
148;9;Ильина Валерия Ивановна;телеграм-канал;04.09.2024;скрининг
149;9;Власова Виктория Николаевна;реферал;24.08.2024;скрининг
150;9;Суворова Вероника Сергеевна;реферал;26.08.2024;скрининг
151;9;Жуков Ярослав Дмитриевич;телеграм-канал;09.09.2024;скрининг
152;9;Блинов Владимир Игоревич;сайт компании;31.08.2024;отклик
153;9;Иванов Алексей Сергеевич;hh.ru;08.09.2024;отклик
154;9;Аксенова Наталья Михайловна;hh.ru;07.09.2024;отклик
155;9;Третьяков Кирилл Николаевич;hh.ru;03.09.2024;отклик
156;9;Кудряшов Владислав Сергеевич;hh.ru;13.09.2024;отклик
157;9;Виноградов Олег Петрович;hh.ru;05.09.2024;отклик
158;9;Суворов Антон Геннадьевич;hh.ru;09.09.2024;отклик
159;9;Васильев Александр Валерьевич;hh.ru;27.08.2024;отклик
160;9;Гаврилова Софья Константиновна;hh.ru;30.08.2024;отклик
161;9;Иванов Руслан Константинович;hh.ru;10.09.2024;отклик
162;10;Макаров Андрей Дмитриевич;сайт компании;15.10.2024;нанят
163;10;Суворова Юлия Ивановна;телеграм-канал;13.10.2024;интервью
164;10;Волков Владислав Олегович;hh.ru;18.10.2024;интервью
165;10;Егоров Ярослав Борисович;hh.ru;09.10.2024;скрининг
166;10;Киселев Марк Борисович;hh.ru;19.10.2024;скрининг
167;10;Егоров Роман Михайлович;hh.ru;10.10.2024;скрининг
168;10;Егорова Валерия Дмитриевна;hh.ru;05.10.2024;скрининг
169;10;Новиков Артём Анатольевич;hh.ru;26.10.2024;отклик
170;10;Сергеева Людмила Константиновна;hh.ru;01.11.2024;отклик
171;10;Романов Владимир Олегович;телеграм-канал;21.10.2024;отклик
172;10;Романов Антон Петрович;hh.ru;23.10.2024;отклик
173;10;Григорьева Александра Андреевна;hh.ru;10.10.2024;отклик
174;10;Гусев Марк Игоревич;телеграм-канал;10.10.2024;отклик
175;10;Комарова Татьяна Юрьевна;hh.ru;30.10.2024;отклик
176;10;Осипова Виктория Алексеевна;hh.ru;15.10.2024;отклик
177;10;Романова Анна Константиновна;hh.ru;23.10.2024;отклик
178;11;Козлова Вероника Александровна;hh.ru;28.10.2024;нанят
179;11;Герасимова Елена Викторовна;телеграм-канал;07.11.2024;интервью
180;11;Савельев Никита Павлович;hh.ru;22.10.2024;интервью
181;11;Жуков Павел Юрьевич;hh.ru;29.10.2024;интервью
182;11;Панова Диана Михайловна;hh.ru;31.10.2024;интервью
183;11;Смирнов Егор Андреевич;hh.ru;12.11.2024;интервью
184;11;Афанасьев Дмитрий Иванович;сайт компании;17.10.2024;интервью
185;11;Никитина Александра Николаевна;реферал;15.11.2024;интервью
186;11;Белов Алексей Игоревич;hh.ru;12.11.2024;интервью
187;11;Волков Матвей Иванович;hh.ru;19.10.2024;скрининг
188;11;Макарова Валерия Алексеевна;hh.ru;27.10.2024;скрининг
189;11;Волкова Наталья Викторовна;hh.ru;05.11.2024;скрининг
190;11;Новиков Павел Валерьевич;hh.ru;21.10.2024;скрининг
191;11;Никитина Мария Алексеевна;hh.ru;14.10.2024;скрининг
192;11;Медведева Диана Александровна;сайт компании;03.11.2024;скрининг
193;11;Дмитриева Софья Викторовна;hh.ru;31.10.2024;скрининг
194;11;Котова Арина Анатольевна;hh.ru;14.11.2024;отклик
195;11;Емельянов Александр Петрович;реферал;31.10.2024;отклик
196;11;Савельева Ольга Валерьевна;hh.ru;16.11.2024;отклик
197;11;Киселев Илья Иванович;hh.ru;14.10.2024;отклик
198;11;Колесникова Галина Владимировна;hh.ru;26.10.2024;отклик
199;11;Давыдова Анна Викторовна;телеграм-канал;30.10.2024;отклик
200;11;Сидоров Константин Юрьевич;hh.ru;28.10.2024;отклик
201;11;Архипов Михаил Викторович;телеграм-канал;05.11.2024;отклик
202;11;Щербакова Алёна Геннадьевна;hh.ru;26.10.2024;отклик
203;11;Гаврилова Диана Петровна;hh.ru;16.10.2024;отклик
204;11;Борисов Олег Константинович;hh.ru;17.10.2024;отклик
205;11;Мартынова Александра Олеговна;телеграм-канал;04.11.2024;отклик
206;11;Королев Игорь Валерьевич;реферал;08.11.2024;отклик
207;12;Мухин Иван Михайлович;телеграм-канал;30.12.2023;нанят
208;12;Филиппова Светлана Владимировна;hh.ru;24.01.2024;интервью
209;12;Карпов Владимир Борисович;реферал;05.01.2024;интервью
210;12;Щербаков Павел Петрович;hh.ru;25.12.2023;скрининг
211;12;Поляков Иван Владимирович;телеграм-канал;23.01.2024;скрининг
212;12;Лебедев Павел Геннадьевич;реферал;26.12.2023;скрининг
213;12;Фролова Светлана Павловна;hh.ru;10.01.2024;скрининг
214;12;Полякова Елена Сергеевна;реферал;22.01.2024;скрининг
215;12;Абрамова Юлия Владимировна;hh.ru;28.12.2023;отклик
216;12;Родионов Александр Петрович;hh.ru;08.01.2024;отклик
217;12;Воробьев Владислав Алексеевич;hh.ru;27.12.2023;отклик
218;12;Соколова Елена Михайловна;hh.ru;01.01.2024;отклик
219;12;Родионова Анастасия Андреевна;телеграм-канал;27.01.2024;отклик
220;12;Блинов Руслан Сергеевич;телеграм-канал;16.01.2024;отклик
221;12;Воробьева Светлана Константиновна;hh.ru;26.01.2024;отклик
222;12;Петров Константин Викторович;сайт компании;20.01.2024;отклик
223;13;Андреев Денис Дмитриевич;телеграм-канал;21.06.2024;нанят
224;13;Сафронов Павел Владимирович;hh.ru;01.07.2024;оффер
225;13;Щербакова Ирина Владимировна;hh.ru;21.06.2024;интервью
226;13;Блинов Павел Геннадьевич;телеграм-канал;12.06.2024;интервью
227;13;Белова Ксения Александровна;сайт компании;02.07.2024;интервью
228;13;Савельева Ольга Сергеевна;реферал;13.06.2024;скрининг
229;13;Мартынова Людмила Павловна;телеграм-канал;11.07.2024;скрининг
230;13;Савельева Валерия Сергеевна;сайт компании;26.06.2024;скрининг
231;13;Соловьева Маргарита Александровна;hh.ru;27.06.2024;скрининг
232;13;Максимов Константин Юрьевич;hh.ru;09.07.2024;скрининг
233;13;Петров Олег Дмитриевич;hh.ru;26.06.2024;скрининг
234;13;Фролова Наталья Юрьевна;hh.ru;12.07.2024;скрининг
235;13;Сергеева Вероника Ивановна;hh.ru;24.06.2024;отклик
236;13;Быкова Софья Андреевна;телеграм-канал;17.06.2024;отклик
237;13;Третьякова Софья Викторовна;hh.ru;06.07.2024;отклик
238;13;Филиппов Иван Геннадьевич;hh.ru;21.06.2024;отклик
239;13;Борисов Денис Николаевич;hh.ru;27.06.2024;отклик
240;13;Кузнецова Виктория Борисовна;телеграм-канал;27.06.2024;отклик
241;13;Богданова Виктория Борисовна;hh.ru;21.06.2024;отклик
242;13;Сергеев Денис Сергеевич;hh.ru;02.07.2024;отклик
243;13;Щербакова Алина Валерьевна;hh.ru;26.06.2024;отклик
244;13;Иванова Полина Дмитриевна;hh.ru;27.06.2024;отклик
245;13;Иванова Маргарита Викторовна;hh.ru;12.07.2024;отклик
246;13;Мельникова Ирина Александровна;телеграм-канал;16.06.2024;отклик
247;13;Степанов Олег Иванович;телеграм-канал;25.06.2024;отклик
248;13;Киселев Сергей Михайлович;hh.ru;30.06.2024;отклик
249;13;Комарова Маргарита Викторовна;hh.ru;24.06.2024;отклик
250;13;Гаврилова Галина Игоревна;hh.ru;01.07.2024;отклик
251;13;Емельянова Оксана Юрьевна;hh.ru;13.06.2024;отклик
252;14;Филиппов Сергей Павлович;реферал;15.12.2023;нанят
253;14;Щербаков Артём Дмитриевич;hh.ru;23.12.2023;интервью
254;14;Андреев Руслан Игоревич;телеграм-канал;12.01.2024;интервью
255;14;Сергеев Антон Олегович;реферал;02.01.2024;интервью
256;14;Мельников Денис Николаевич;hh.ru;31.12.2023;скрининг
257;14;Филиппов Сергей Александрович;телеграм-канал;21.01.2024;скрининг
258;14;Мухина Дарья Константиновна;hh.ru;15.12.2023;скрининг
259;14;Волков Егор Иванович;телеграм-канал;16.01.2024;скрининг
260;14;Андреева Елена Сергеевна;hh.ru;08.01.2024;отклик
261;14;Гусева Арина Сергеевна;hh.ru;13.01.2024;отклик
262;14;Сидоров Павел Николаевич;hh.ru;10.01.2024;отклик
263;14;Михайлов Алексей Борисович;реферал;24.12.2023;отклик
264;14;Соловьева Софья Александровна;реферал;24.12.2023;отклик
265;14;Беляев Денис Андреевич;hh.ru;20.12.2023;отклик
266;14;Власов Илья Валерьевич;hh.ru;22.12.2023;отклик
267;14;Суворов Никита Геннадьевич;hh.ru;21.01.2024;отклик
268;14;Маслова Мария Андреевна;реферал;05.01.2024;отклик
269;14;Егорова Диана Ивановна;сайт компании;19.01.2024;отклик
270;14;Максимов Игорь Алексеевич;hh.ru;09.01.2024;отклик
271;14;Богданова Алина Валерьевна;hh.ru;26.12.2023;отклик
272;15;Мельников Игорь Алексеевич;реферал;12.03.2024;нанят
273;15;Яковлева Вероника Анатольевна;hh.ru;10.03.2024;интервью
274;15;Орлов Андрей Михайлович;hh.ru;08.03.2024;интервью
275;15;Филиппов Игорь Дмитриевич;сайт компании;31.03.2024;интервью
276;15;Романов Артём Игоревич;hh.ru;25.03.2024;скрининг
277;15;Макаров Михаил Юрьевич;сайт компании;27.03.2024;скрининг
278;15;Блинова Полина Павловна;hh.ru;27.03.2024;скрининг
279;15;Тихонова Людмила Павловна;hh.ru;08.03.2024;скрининг
280;15;Тихонова Полина Дмитриевна;hh.ru;09.03.2024;скрининг
281;15;Беляева Софья Анатольевна;hh.ru;14.03.2024;отклик
282;15;Фролова Ольга Петровна;сайт компании;26.03.2024;отклик
283;15;Медведева Мария Александровна;реферал;09.03.2024;отклик
284;15;Максимов Матвей Владимирович;сайт компании;10.03.2024;отклик
285;15;Воронова Светлана Анатольевна;телеграм-канал;07.03.2024;отклик
286;15;Белова Полина Олеговна;hh.ru;10.04.2024;отклик
287;15;Иванова Вероника Дмитриевна;реферал;07.04.2024;отклик
288;15;Киселева Полина Викторовна;hh.ru;09.03.2024;отклик
289;15;Ильина Елизавета Викторовна;сайт компании;15.03.2024;отклик
290;15;Петрова Екатерина Петровна;hh.ru;07.04.2024;отклик
291;15;Савельева Милана Юрьевна;hh.ru;15.03.2024;отклик
292;15;Николаева Алёна Сергеевна;телеграм-канал;07.04.2024;отклик
293;16;Васильев Никита Иванович;hh.ru;26.10.2024;нанят
294;16;Петрова Валерия Ивановна;hh.ru;24.11.2024;оффер
295;16;Белова Дарья Алексеевна;hh.ru;22.10.2024;интервью
296;16;Герасимова Светлана Ивановна;hh.ru;14.11.2024;интервью
297;16;Сидорова Анна Петровна;реферал;28.11.2024;интервью
298;16;Михайлова Софья Сергеевна;hh.ru;01.11.2024;скрининг
299;16;Максимова Юлия Дмитриевна;hh.ru;22.11.2024;скрининг
300;16;Аксенова Александра Сергеевна;hh.ru;08.11.2024;скрининг
301;16;Медведева Людмила Павловна;hh.ru;29.10.2024;скрининг
302;16;Абрамов Николай Андреевич;hh.ru;08.11.2024;скрининг
303;16;Федорова Юлия Алексеевна;hh.ru;23.10.2024;отклик
304;16;Колесников Антон Викторович;hh.ru;26.10.2024;отклик
305;16;Щербакова Юлия Константиновна;сайт компании;09.11.2024;отклик
306;16;Зайцева Мария Геннадьевна;hh.ru;14.11.2024;отклик
307;16;Котов Максим Борисович;hh.ru;21.11.2024;отклик
308;16;Борисова Арина Игоревна;hh.ru;30.11.2024;отклик
309;16;Быкова Ксения Игоревна;телеграм-канал;19.11.2024;отклик
310;16;Осипова Алёна Николаевна;сайт компании;30.11.2024;отклик
311;16;Макаров Олег Константинович;hh.ru;02.11.2024;отклик
312;16;Жуков Андрей Павлович;телеграм-канал;16.10.2024;отклик
313;16;Соколова Маргарита Сергеевна;hh.ru;27.11.2024;отклик
314;16;Орлова Александра Викторовна;hh.ru;05.11.2024;отклик
315;17;Родионов Константин Дмитриевич;hh.ru;02.04.2024;нанят
316;17;Алексеева Алина Владимировна;реферал;01.04.2024;интервью
317;17;Ильина Екатерина Николаевна;сайт компании;24.03.2024;интервью
318;17;Баранова Оксана Алексеевна;сайт компании;10.04.2024;интервью
319;17;Горбунова Галина Владимировна;телеграм-канал;10.04.2024;скрининг
320;17;Маслов Михаил Андреевич;реферал;30.03.2024;скрининг
321;17;Давыдова Виктория Михайловна;hh.ru;12.04.2024;скрининг
322;17;Алексеева Татьяна Алексеевна;сайт компании;03.04.2024;скрининг
323;17;Макарова Галина Олеговна;hh.ru;05.04.2024;отклик
324;17;Антонов Николай Геннадьевич;реферал;11.04.2024;отклик
325;17;Поляков Максим Андреевич;hh.ru;27.03.2024;отклик
326;17;Исаков Максим Иванович;hh.ru;02.04.2024;отклик
327;17;Герасимов Павел Николаевич;hh.ru;25.03.2024;отклик
328;17;Беляева Светлана Михайловна;hh.ru;25.03.2024;отклик
329;17;Гусев Артём Александрович;сайт компании;06.04.2024;отклик
330;17;Григорьев Ярослав Александрович;телеграм-канал;08.04.2024;отклик
331;17;Яковлев Иван Николаевич;hh.ru;26.03.2024;отклик
332;18;Давыдов Егор Андреевич;hh.ru;01.02.2024;нанят
333;18;Баранова Вера Олеговна;hh.ru;08.03.2024;интервью
334;18;Абрамова Наталья Викторовна;hh.ru;19.02.2024;интервью
335;18;Быкова Алина Андреевна;реферал;10.02.2024;скрининг
336;18;Дмитриева Людмила Александровна;hh.ru;31.01.2024;скрининг
337;18;Дмитриев Константин Константинович;сайт компании;03.02.2024;скрининг
338;18;Зайцева Вероника Павловна;реферал;28.02.2024;отклик
339;18;Федоров Иван Николаевич;телеграм-канал;11.02.2024;отклик
340;18;Васильев Егор Юрьевич;реферал;01.03.2024;отклик
341;18;Зуева Вера Андреевна;hh.ru;03.03.2024;отклик
342;18;Давыдов Егор Николаевич;сайт компании;03.02.2024;отклик
343;18;Никитин Владислав Анатольевич;сайт компании;14.02.2024;отклик
344;18;Беляева Ирина Николаевна;hh.ru;08.03.2024;отклик
345;18;Сидорова Юлия Алексеевна;сайт компании;09.02.2024;отклик
346;18;Быков Роман Борисович;hh.ru;21.02.2024;отклик
347;19;Фролов Марк Дмитриевич;реферал;13.10.2024;нанят
348;19;Афанасьева Валерия Константиновна;hh.ru;10.11.2024;оффер
349;19;Абрамова Ксения Игоревна;hh.ru;07.11.2024;интервью
350;19;Морозова Екатерина Викторовна;телеграм-канал;26.10.2024;скрининг
351;19;Воробьева Елизавета Александровна;hh.ru;10.11.2024;скрининг
352;19;Щербаков Сергей Павлович;hh.ru;18.10.2024;скрининг
353;19;Воробьев Матвей Анатольевич;hh.ru;09.11.2024;скрининг
354;19;Зайцев Владимир Петрович;сайт компании;05.10.2024;отклик
355;19;Осипова Анастасия Сергеевна;hh.ru;10.10.2024;отклик
356;19;Попова Ксения Анатольевна;сайт компании;18.10.2024;отклик
357;19;Родионов Егор Иванович;реферал;07.10.2024;отклик
358;19;Лебедева Анастасия Игоревна;реферал;08.11.2024;отклик
359;19;Александрова Оксана Сергеевна;hh.ru;03.10.2024;отклик
360;19;Колесников Никита Иванович;реферал;11.11.2024;отклик
361;19;Фролова Юлия Андреевна;реферал;07.10.2024;отклик
362;19;Зуева Людмила Михайловна;реферал;12.11.2024;отклик
363;20;Иванов Марк Валерьевич;hh.ru;03.09.2024;нанят
364;20;Новиков Дмитрий Олегович;hh.ru;18.09.2024;оффер
365;20;Лебедева Арина Игоревна;hh.ru;06.09.2024;интервью
366;20;Киселев Тимофей Алексеевич;телеграм-канал;10.09.2024;интервью
367;20;Алексеева Татьяна Михайловна;hh.ru;12.09.2024;интервью
368;20;Аксенов Александр Николаевич;реферал;11.09.2024;скрининг
369;20;Сорокин Михаил Олегович;hh.ru;28.08.2024;скрининг
370;20;Богданова Диана Владимировна;реферал;08.09.2024;скрининг
371;20;Виноградов Михаил Юрьевич;hh.ru;08.09.2024;скрининг
372;20;Сидорова Екатерина Олеговна;телеграм-канал;29.08.2024;скрининг
373;20;Волкова Диана Дмитриевна;hh.ru;13.09.2024;скрининг
374;20;Афанасьева Вероника Дмитриевна;hh.ru;11.09.2024;отклик
375;20;Козлова Полина Александровна;hh.ru;21.09.2024;отклик
376;20;Белов Алексей Юрьевич;hh.ru;07.09.2024;отклик
377;20;Третьякова Юлия Геннадьевна;hh.ru;17.09.2024;отклик
378;20;Тихонов Кирилл Иванович;реферал;08.09.2024;отклик
379;20;Виноградов Денис Николаевич;hh.ru;31.08.2024;отклик
380;20;Сафронов Кирилл Андреевич;hh.ru;07.09.2024;отклик
381;20;Третьяков Матвей Александрович;hh.ru;11.09.2024;отклик
382;20;Котова Александра Викторовна;hh.ru;21.09.2024;отклик
383;20;Мухина Вероника Олеговна;реферал;22.09.2024;отклик
384;20;Григорьева Арина Петровна;телеграм-канал;31.08.2024;отклик
385;20;Петрова Людмила Константиновна;сайт компании;29.08.2024;отклик
386;20;Жуков Егор Андреевич;hh.ru;31.08.2024;отклик
387;20;Ковалев Никита Владимирович;сайт компании;05.09.2024;отклик
388;21;Блинова Юлия Борисовна;сайт компании;12.10.2024;нанят
389;21;Абрамов Никита Иванович;hh.ru;27.10.2024;оффер
390;21;Аксенова Екатерина Александровна;hh.ru;24.10.2024;скрининг
391;21;Попова Анастасия Александровна;hh.ru;16.10.2024;скрининг
392;21;Соколова Людмила Константиновна;hh.ru;08.11.2024;скрининг
393;21;Морозова Ольга Викторовна;hh.ru;08.10.2024;отклик
394;21;Волкова Ольга Игоревна;реферал;05.11.2024;отклик
395;21;Григорьева Оксана Ивановна;hh.ru;17.10.2024;отклик
396;21;Аксенова Людмила Викторовна;телеграм-канал;21.11.2024;отклик
397;21;Воробьев Илья Петрович;hh.ru;26.10.2024;отклик
398;22;Полякова Анна Николаевна;телеграм-канал;07.02.2024;нанят
399;22;Мартынова Елена Петровна;hh.ru;26.02.2024;оффер
400;22;Панова Ксения Сергеевна;hh.ru;19.02.2024;скрининг
401;22;Зуев Максим Иванович;реферал;06.03.2024;скрининг
402;22;Панов Владислав Николаевич;hh.ru;17.02.2024;отклик
403;22;Колесникова Елена Александровна;hh.ru;16.03.2024;отклик
404;22;Павлов Денис Владимирович;hh.ru;14.02.2024;отклик
405;22;Дмитриева Арина Николаевна;hh.ru;19.02.2024;отклик
406;22;Родионова Татьяна Дмитриевна;телеграм-канал;04.02.2024;отклик
407;22;Максимов Никита Михайлович;hh.ru;20.02.2024;отклик
408;23;Романова Александра Андреевна;hh.ru;05.09.2024;нанят
409;23;Маслова Вероника Алексеевна;hh.ru;19.09.2024;интервью
410;23;Яковлев Николай Анатольевич;hh.ru;09.09.2024;интервью
411;23;Горбунова Светлана Павловна;телеграм-канал;30.08.2024;скрининг
412;23;Богданов Кирилл Андреевич;hh.ru;03.09.2024;скрининг
413;23;Киселева Александра Геннадьевна;hh.ru;30.09.2024;скрининг
414;23;Власов Руслан Олегович;hh.ru;22.09.2024;скрининг
415;23;Тарасова Алина Петровна;реферал;29.08.2024;отклик
416;23;Белова Вера Анатольевна;реферал;06.09.2024;отклик
417;23;Дмитриева Анна Петровна;реферал;17.09.2024;отклик
418;23;Аксенов Дмитрий Борисович;hh.ru;11.09.2024;отклик
419;23;Королева Валерия Ивановна;телеграм-канал;28.08.2024;отклик
420;23;Алексеева Галина Сергеевна;телеграм-канал;01.10.2024;отклик
421;23;Фролова Виктория Анатольевна;телеграм-канал;12.09.2024;отклик
422;23;Белов Никита Александрович;сайт компании;13.09.2024;отклик
423;23;Сафронов Иван Петрович;hh.ru;28.08.2024;отклик
424;23;Комаров Владимир Олегович;hh.ru;06.10.2024;отклик
425;24;Борисова Ольга Дмитриевна;hh.ru;21.06.2024;нанят
426;24;Щербаков Игорь Андреевич;телеграм-канал;25.07.2024;интервью
427;24;Королева Наталья Юрьевна;реферал;30.07.2024;интервью
428;24;Трофимова Арина Константиновна;hh.ru;10.07.2024;скрининг
429;24;Аксенова Мария Анатольевна;реферал;18.06.2024;скрининг
430;24;Александрова Людмила Александровна;hh.ru;04.07.2024;скрининг
431;24;Романов Алексей Борисович;hh.ru;21.06.2024;отклик
432;24;Ковалев Руслан Михайлович;hh.ru;23.07.2024;отклик
433;24;Сорокина Дарья Олеговна;сайт компании;24.06.2024;отклик
434;24;Баранова Мария Владимировна;телеграм-канал;29.07.2024;отклик
435;24;Ковалева Екатерина Викторовна;hh.ru;01.07.2024;отклик
436;24;Гаврилов Алексей Валерьевич;hh.ru;29.07.2024;отклик
437;24;Трофимов Евгений Викторович;телеграм-канал;05.07.2024;отклик
438;24;Козлова Маргарита Геннадьевна;реферал;01.07.2024;отклик
439;24;Максимова Арина Борисовна;hh.ru;23.06.2024;отклик
440;25;Сергеев Алексей Сергеевич;hh.ru;23.05.2024;нанят
441;25;Королев Алексей Андреевич;телеграм-канал;14.06.2024;интервью
442;25;Кузнецова Анна Борисовна;hh.ru;24.05.2024;интервью
443;25;Карпов Павел Алексеевич;телеграм-канал;01.06.2024;интервью
444;25;Сафронова Софья Александровна;реферал;06.06.2024;скрининг
445;25;Аксенов Михаил Борисович;hh.ru;14.06.2024;скрининг
446;25;Борисова Виктория Игоревна;hh.ru;18.06.2024;скрининг
447;25;Полякова Вера Анатольевна;сайт компании;25.05.2024;скрининг
448;25;Макаров Руслан Анатольевич;hh.ru;14.06.2024;отклик
449;25;Степанов Матвей Алексеевич;сайт компании;03.06.2024;отклик
450;25;Тихонова Татьяна Андреевна;hh.ru;29.05.2024;отклик
451;25;Воронов Данил Константинович;сайт компании;12.06.2024;отклик
452;25;Горбунов Константин Игоревич;реферал;29.05.2024;отклик
453;25;Николаева Анна Михайловна;hh.ru;22.05.2024;отклик
454;26;Лебедев Илья Владимирович;hh.ru;28.01.2025;нанят
455;26;Белова Софья Геннадьевна;сайт компании;18.02.2025;оффер
456;26;Виноградов Евгений Игоревич;hh.ru;13.02.2025;интервью
457;26;Комаров Максим Валерьевич;реферал;22.01.2025;интервью
458;26;Борисов Игорь Олегович;телеграм-канал;02.03.2025;интервью
459;26;Зайцева Анна Дмитриевна;hh.ru;24.01.2025;интервью
460;26;Мухин Игорь Дмитриевич;hh.ru;16.02.2025;скрининг
461;26;Петров Владимир Викторович;hh.ru;22.01.2025;скрининг
462;26;Карпова Анна Сергеевна;сайт компании;26.01.2025;скрининг
463;26;Киселев Антон Михайлович;hh.ru;04.02.2025;скрининг
464;26;Филиппов Антон Борисович;реферал;23.02.2025;скрининг
465;26;Васильева Виктория Андреевна;hh.ru;21.02.2025;скрининг
466;26;Сорокина Арина Геннадьевна;сайт компании;13.02.2025;скрининг
467;26;Антонов Тимофей Сергеевич;реферал;17.02.2025;отклик
468;26;Семенов Андрей Игоревич;реферал;23.02.2025;отклик
469;26;Гаврилова Наталья Олеговна;hh.ru;23.01.2025;отклик
470;26;Мельникова Маргарита Ивановна;сайт компании;24.01.2025;отклик
471;26;Новиков Сергей Владимирович;телеграм-канал;02.03.2025;отклик
472;26;Павлов Николай Владимирович;hh.ru;18.01.2025;отклик
473;26;Давыдов Олег Олегович;hh.ru;01.03.2025;отклик
474;26;Новикова Людмила Игоревна;hh.ru;02.03.2025;отклик
475;26;Медведев Тимофей Павлович;hh.ru;10.02.2025;отклик
476;26;Лебедев Артём Викторович;hh.ru;31.01.2025;отклик
477;26;Власов Павел Юрьевич;hh.ru;18.01.2025;отклик
478;27;Исаков Антон Николаевич;телеграм-канал;07.02.2025;нанят
479;27;Исакова Дарья Игоревна;реферал;27.02.2025;интервью
480;27;Дмитриев Кирилл Сергеевич;hh.ru;11.03.2025;интервью
481;27;Гусева Юлия Дмитриевна;hh.ru;03.03.2025;скрининг
482;27;Родионова Ксения Викторовна;hh.ru;24.02.2025;скрининг
483;27;Николаев Владислав Дмитриевич;телеграм-канал;15.02.2025;скрининг
484;27;Блинов Илья Александрович;реферал;09.03.2025;отклик
485;27;Горбунова Софья Викторовна;реферал;19.02.2025;отклик
486;27;Сорокин Сергей Константинович;hh.ru;26.02.2025;отклик
487;27;Сидоров Александр Павлович;сайт компании;15.03.2025;отклик
488;27;Королев Денис Петрович;hh.ru;17.02.2025;отклик
489;27;Поляков Максим Павлович;сайт компании;02.02.2025;отклик
490;27;Третьяков Илья Игоревич;hh.ru;20.02.2025;отклик
491;27;Яковлев Павел Юрьевич;сайт компании;10.02.2025;отклик
492;28;Андреев Сергей Геннадьевич;hh.ru;28.12.2024;нанят
493;28;Блинова Елена Николаевна;hh.ru;24.12.2024;оффер
494;28;Зайцева Виктория Сергеевна;hh.ru;22.12.2024;интервью
495;28;Никитина Софья Николаевна;сайт компании;23.12.2024;интервью
496;28;Третьякова Ирина Сергеевна;реферал;24.12.2024;скрининг
497;28;Филиппов Николай Сергеевич;hh.ru;06.01.2025;скрининг
498;28;Щербакова Полина Сергеевна;hh.ru;25.01.2025;скрининг
499;28;Гусев Андрей Павлович;сайт компании;18.01.2025;отклик
500;28;Блинова Ксения Константиновна;hh.ru;17.01.2025;отклик
501;28;Аксенов Никита Владимирович;реферал;28.12.2024;отклик
502;28;Карпов Кирилл Сергеевич;телеграм-канал;02.01.2025;отклик
503;28;Смирнова Софья Константиновна;hh.ru;26.12.2024;отклик
504;28;Емельянов Матвей Иванович;реферал;06.01.2025;отклик
505;28;Быков Евгений Андреевич;hh.ru;23.01.2025;отклик
506;28;Смирнов Владимир Борисович;телеграм-канал;17.01.2025;отклик
507;28;Медведева Татьяна Валерьевна;hh.ru;22.12.2024;отклик
508;29;Попов Алексей Константинович;hh.ru;06.02.2025;нанят
509;29;Савельев Андрей Юрьевич;телеграм-канал;05.03.2025;интервью
510;29;Фролов Константин Борисович;hh.ru;24.02.2025;интервью
511;29;Иванов Антон Викторович;hh.ru;05.03.2025;скрининг
512;29;Карпов Сергей Борисович;hh.ru;07.03.2025;скрининг
513;29;Жуков Тимофей Петрович;hh.ru;10.02.2025;скрининг
514;29;Николаева Вероника Николаевна;hh.ru;30.01.2025;скрининг
515;29;Мухин Роман Борисович;hh.ru;24.02.2025;отклик
516;29;Зуева Светлана Петровна;hh.ru;06.02.2025;отклик
517;29;Попова Анна Дмитриевна;hh.ru;31.01.2025;отклик
518;29;Архипов Владимир Викторович;сайт компании;04.03.2025;отклик
519;29;Жуков Тимофей Алексеевич;hh.ru;26.02.2025;отклик
520;29;Тарасова Вера Владимировна;сайт компании;17.02.2025;отклик
521;30;Медведев Данил Павлович;телеграм-канал;13.08.2025;нанят
522;30;Соколов Евгений Андреевич;hh.ru;14.08.2025;интервью
523;30;Исаков Михаил Владимирович;hh.ru;16.08.2025;интервью
524;30;Александрова Дарья Сергеевна;hh.ru;31.08.2025;интервью
525;30;Захаров Руслан Юрьевич;сайт компании;08.08.2025;интервью
526;30;Петрова Оксана Михайловна;hh.ru;29.08.2025;скрининг
527;30;Васильева Валерия Николаевна;телеграм-канал;28.08.2025;скрининг
528;30;Морозов Михаил Иванович;сайт компании;30.08.2025;скрининг
529;30;Ильин Александр Константинович;hh.ru;28.08.2025;скрининг
530;30;Борисов Константин Петрович;реферал;19.08.2025;отклик
531;30;Захарова Вероника Петровна;hh.ru;20.08.2025;отклик
532;30;Тихонов Владимир Сергеевич;телеграм-канал;10.08.2025;отклик
533;30;Гаврилов Данил Павлович;телеграм-канал;15.08.2025;отклик
534;30;Мельников Матвей Иванович;hh.ru;14.09.2025;отклик
535;30;Борисов Илья Алексеевич;hh.ru;06.09.2025;отклик
536;30;Морозов Андрей Николаевич;hh.ru;15.08.2025;отклик
537;30;Павлова Людмила Валерьевна;телеграм-канал;07.09.2025;отклик
538;30;Гаврилов Олег Викторович;hh.ru;21.08.2025;отклик
539;31;Смирнов Александр Геннадьевич;hh.ru;30.01.2025;нанят
540;31;Семенова Вера Николаевна;hh.ru;24.02.2025;интервью
541;31;Александрова Анастасия Павловна;hh.ru;18.02.2025;интервью
542;31;Яковлев Андрей Петрович;реферал;25.02.2025;скрининг
543;31;Трофимова Алина Геннадьевна;hh.ru;02.02.2025;скрининг
544;31;Комаров Денис Викторович;hh.ru;02.03.2025;скрининг
545;31;Семенов Ярослав Дмитриевич;hh.ru;04.03.2025;отклик
546;31;Поляков Николай Александрович;hh.ru;03.03.2025;отклик
547;31;Исаков Константин Анатольевич;сайт компании;04.03.2025;отклик
548;31;Захарова Ксения Борисовна;реферал;27.02.2025;отклик
549;31;Орлов Тимофей Алексеевич;hh.ru;23.02.2025;отклик
550;31;Семенова Маргарита Дмитриевна;телеграм-канал;18.02.2025;отклик
551;31;Киселев Евгений Геннадьевич;hh.ru;06.03.2025;отклик
552;31;Киселев Егор Валерьевич;телеграм-канал;12.02.2025;отклик
553;32;Комарова Дарья Николаевна;hh.ru;11.08.2025;нанят
554;32;Михайлов Максим Владимирович;реферал;05.09.2025;оффер
555;32;Осипов Владимир Сергеевич;hh.ru;12.09.2025;интервью
556;32;Власова Татьяна Владимировна;hh.ru;17.08.2025;интервью
557;32;Сафронова Анна Валерьевна;hh.ru;11.08.2025;интервью
558;32;Гусев Роман Игоревич;телеграм-канал;11.09.2025;скрининг
559;32;Щербакова Оксана Михайловна;hh.ru;17.08.2025;скрининг
560;32;Андреев Кирилл Олегович;сайт компании;03.09.2025;скрининг
561;32;Белова Диана Игоревна;hh.ru;31.07.2025;скрининг
562;32;Воронова Арина Игоревна;реферал;24.08.2025;отклик
563;32;Панова Арина Ивановна;hh.ru;08.09.2025;отклик
564;32;Медведева Елена Андреевна;hh.ru;06.08.2025;отклик
565;32;Козлов Олег Павлович;реферал;21.08.2025;отклик
566;32;Сафронов Руслан Олегович;hh.ru;08.09.2025;отклик
567;32;Панова Оксана Константиновна;реферал;09.09.2025;отклик
568;32;Никитина Татьяна Владимировна;hh.ru;20.08.2025;отклик
569;33;Давыдов Артём Михайлович;hh.ru;31.01.2025;нанят
570;33;Тарасов Михаил Михайлович;hh.ru;17.02.2025;интервью
571;33;Медведева Алёна Владимировна;телеграм-канал;25.01.2025;интервью
572;33;Александрова Светлана Борисовна;hh.ru;26.02.2025;интервью
573;33;Морозов Владимир Юрьевич;hh.ru;01.02.2025;интервью
574;33;Давыдов Евгений Викторович;hh.ru;28.01.2025;интервью
575;33;Богданова Вера Владимировна;реферал;16.02.2025;скрининг
576;33;Антонова Светлана Ивановна;реферал;05.03.2025;скрининг
577;33;Мартынова Алёна Юрьевна;hh.ru;11.02.2025;скрининг
578;33;Баранова Софья Константиновна;hh.ru;09.03.2025;скрининг
579;33;Фролова Татьяна Николаевна;hh.ru;29.01.2025;скрининг
580;33;Медведева Анастасия Викторовна;сайт компании;26.02.2025;отклик
581;33;Александрова Виктория Геннадьевна;hh.ru;14.02.2025;отклик
582;33;Колесников Михаил Валерьевич;hh.ru;05.03.2025;отклик
583;33;Осипов Константин Юрьевич;hh.ru;15.02.2025;отклик
584;33;Иванова Арина Алексеевна;реферал;16.02.2025;отклик
585;33;Мельникова Анна Дмитриевна;hh.ru;25.01.2025;отклик
586;33;Блинов Роман Олегович;hh.ru;13.02.2025;отклик
587;33;Власов Максим Юрьевич;реферал;14.02.2025;отклик
588;33;Морозова Ксения Константиновна;сайт компании;25.02.2025;отклик
589;33;Воронов Михаил Андреевич;hh.ru;17.02.2025;отклик
590;34;Зайцева Елена Михайловна;телеграм-канал;15.08.2025;нанят
591;34;Маслов Дмитрий Алексеевич;hh.ru;20.08.2025;интервью
592;34;Никитина Анна Николаевна;hh.ru;17.09.2025;скрининг
593;34;Сорокин Илья Михайлович;hh.ru;18.08.2025;скрининг
594;34;Степанова Светлана Александровна;hh.ru;06.09.2025;скрининг
595;34;Герасимова Ирина Александровна;телеграм-канал;11.08.2025;скрининг
596;34;Филиппова Полина Михайловна;hh.ru;16.09.2025;отклик
597;34;Соколова Анастасия Юрьевна;hh.ru;24.08.2025;отклик
598;34;Горбунова Валерия Петровна;телеграм-канал;04.08.2025;отклик
599;34;Новиков Евгений Константинович;hh.ru;18.08.2025;отклик
600;34;Федоров Павел Дмитриевич;сайт компании;04.08.2025;отклик
601;35;Романов Сергей Петрович;hh.ru;03.01.2025;нанят
602;35;Комаров Сергей Константинович;hh.ru;20.01.2025;оффер
603;35;Жуков Ярослав Игоревич;hh.ru;04.01.2025;интервью
604;35;Панов Илья Сергеевич;hh.ru;20.01.2025;интервью
605;35;Гусев Владимир Александрович;реферал;17.01.2025;интервью
606;35;Аксенова Наталья Геннадьевна;hh.ru;07.01.2025;интервью
607;35;Архипов Денис Олегович;телеграм-канал;01.01.2025;скрининг
608;35;Максимова Наталья Дмитриевна;сайт компании;12.01.2025;скрининг
609;35;Баранов Данил Игоревич;телеграм-канал;05.01.2025;скрининг
610;35;Антонов Антон Сергеевич;реферал;18.01.2025;скрининг
611;35;Полякова Людмила Андреевна;hh.ru;31.01.2025;скрининг
612;35;Петров Ярослав Сергеевич;реферал;01.01.2025;отклик
613;35;Кудряшов Марк Юрьевич;hh.ru;16.01.2025;отклик
614;35;Воробьев Владимир Николаевич;hh.ru;09.01.2025;отклик
615;35;Панов Андрей Андреевич;hh.ru;05.02.2025;отклик
616;35;Быков Андрей Павлович;hh.ru;03.02.2025;отклик
617;35;Яковлев Андрей Александрович;телеграм-канал;29.01.2025;отклик
618;35;Новиков Павел Геннадьевич;hh.ru;15.01.2025;отклик
619;35;Киселев Сергей Анатольевич;hh.ru;15.01.2025;отклик
620;35;Петров Руслан Игоревич;hh.ru;10.01.2025;отклик
621;35;Горбунов Андрей Михайлович;реферал;26.01.2025;отклик
622;35;Киселева Анастасия Сергеевна;телеграм-канал;12.02.2025;отклик
623;35;Богданова Вера Юрьевна;телеграм-канал;14.02.2025;отклик
624;35;Соловьева Вероника Сергеевна;hh.ru;23.01.2025;отклик
625;35;Морозова Юлия Петровна;hh.ru;13.01.2025;отклик
626;35;Фролов Дмитрий Олегович;hh.ru;28.01.2025;отклик
627;36;Гусев Данил Николаевич;hh.ru;13.10.2025;нанят
628;36;Емельянов Роман Иванович;hh.ru;04.10.2025;интервью
629;36;Жукова Елена Владимировна;hh.ru;05.10.2025;интервью
630;36;Третьякова Ксения Алексеевна;hh.ru;18.10.2025;интервью
631;36;Волков Павел Дмитриевич;hh.ru;16.10.2025;интервью
632;36;Федоров Никита Петрович;hh.ru;09.10.2025;интервью
633;36;Воробьева Милана Валерьевна;hh.ru;13.10.2025;скрининг
634;36;Николаев Данил Сергеевич;телеграм-канал;06.10.2025;скрининг
635;36;Тихонова Диана Ивановна;hh.ru;05.10.2025;скрининг
636;36;Иванов Михаил Алексеевич;реферал;27.10.2025;скрининг
637;36;Виноградова Арина Петровна;hh.ru;21.10.2025;скрининг
638;36;Дмитриев Андрей Валерьевич;телеграм-канал;16.10.2025;скрининг
639;36;Кузнецова Вера Дмитриевна;hh.ru;09.10.2025;скрининг
640;36;Осипова Татьяна Игоревна;реферал;15.10.2025;скрининг
641;36;Филиппов Никита Викторович;hh.ru;11.10.2025;скрининг
642;36;Мартынова Валерия Игоревна;hh.ru;08.10.2025;отклик
643;36;Третьяков Владислав Петрович;hh.ru;24.10.2025;отклик
644;36;Петров Тимофей Геннадьевич;hh.ru;10.10.2025;отклик
645;36;Родионова Алёна Владимировна;телеграм-канал;15.10.2025;отклик
646;36;Павлов Марк Геннадьевич;телеграм-канал;23.10.2025;отклик
647;36;Лебедева Арина Александровна;hh.ru;19.10.2025;отклик
648;36;Соловьев Никита Владимирович;hh.ru;09.10.2025;отклик
649;36;Васильев Константин Алексеевич;hh.ru;26.10.2025;отклик
650;36;Архипов Игорь Иванович;телеграм-канал;23.10.2025;отклик
651;36;Сидорова Виктория Игоревна;телеграм-канал;09.10.2025;отклик
652;36;Киселева Мария Борисовна;сайт компании;05.10.2025;отклик
653;36;Богданова Милана Александровна;телеграм-канал;18.10.2025;отклик
654;36;Романова Полина Петровна;hh.ru;16.10.2025;отклик
655;36;Трофимова Людмила Сергеевна;hh.ru;21.10.2025;отклик
656;36;Борисова Анастасия Константиновна;hh.ru;15.10.2025;отклик
657;37;Сидорова Людмила Владимировна;hh.ru;03.01.2025;нанят
658;37;Савельева Юлия Владимировна;hh.ru;15.01.2025;интервью
659;37;Горбунова Дарья Геннадьевна;hh.ru;22.12.2024;интервью
660;37;Ковалева Валерия Ивановна;hh.ru;26.12.2024;интервью
661;37;Алексеев Олег Дмитриевич;hh.ru;19.01.2025;скрининг
662;37;Соловьева Людмила Петровна;hh.ru;29.01.2025;скрининг
663;37;Воронова Валерия Валерьевна;hh.ru;31.12.2024;скрининг
664;37;Маслов Евгений Николаевич;hh.ru;02.01.2025;скрининг
665;37;Жукова Анастасия Викторовна;телеграм-канал;12.01.2025;скрининг
666;37;Исаков Максим Андреевич;hh.ru;27.12.2024;скрининг
667;37;Власова Александра Юрьевна;реферал;30.12.2024;скрининг
668;37;Тарасов Игорь Михайлович;hh.ru;29.12.2024;отклик
669;37;Макаров Сергей Владимирович;hh.ru;27.01.2025;отклик
670;37;Суворов Егор Анатольевич;реферал;21.12.2024;отклик
671;37;Козлова Ирина Борисовна;реферал;10.01.2025;отклик
672;37;Колесникова Ирина Борисовна;телеграм-канал;27.12.2024;отклик
673;37;Жукова Александра Юрьевна;телеграм-канал;09.01.2025;отклик
674;37;Максимов Иван Геннадьевич;телеграм-канал;02.01.2025;отклик
675;37;Лебедева Ксения Ивановна;hh.ru;07.01.2025;отклик
676;37;Соколов Ярослав Павлович;реферал;07.01.2025;отклик
677;37;Виноградова Милана Андреевна;hh.ru;02.01.2025;отклик
678;37;Суворова Диана Олеговна;сайт компании;18.01.2025;отклик
679;37;Ковалева Анастасия Ивановна;телеграм-канал;30.01.2025;отклик
680;37;Макаров Сергей Сергеевич;телеграм-канал;25.01.2025;отклик
681;38;Васильев Владислав Игоревич;телеграм-канал;09.02.2025;нанят
682;38;Алексеева Галина Борисовна;сайт компании;05.02.2025;интервью
683;38;Аксенова Арина Олеговна;hh.ru;02.02.2025;интервью
684;38;Белов Максим Константинович;hh.ru;31.01.2025;интервью
685;38;Андреева Анастасия Петровна;телеграм-канал;06.02.2025;скрининг
686;38;Суворова Ирина Викторовна;телеграм-канал;15.02.2025;скрининг
687;38;Дмитриева Валерия Николаевна;hh.ru;12.02.2025;скрининг
688;38;Ильин Артём Андреевич;hh.ru;14.02.2025;скрининг
689;38;Виноградова Алина Александровна;hh.ru;04.02.2025;скрининг
690;38;Суворов Марк Петрович;hh.ru;13.02.2025;отклик
691;38;Соловьев Артём Валерьевич;hh.ru;01.02.2025;отклик
692;38;Соловьев Антон Михайлович;hh.ru;12.02.2025;отклик
693;38;Панова Милана Михайловна;hh.ru;02.02.2025;отклик
694;38;Комаров Матвей Анатольевич;телеграм-канал;05.02.2025;отклик
695;38;Петрова Ольга Андреевна;сайт компании;10.02.2025;отклик
696;38;Комаров Роман Андреевич;hh.ru;16.02.2025;отклик
697;38;Петрова Вера Дмитриевна;реферал;27.01.2025;отклик
698;38;Зуева Маргарита Олеговна;сайт компании;08.02.2025;отклик
699;38;Горбунова Наталья Андреевна;hh.ru;05.02.2025;отклик
700;38;Петрова Елена Валерьевна;реферал;14.02.2025;отклик
701;38;Попова Светлана Валерьевна;сайт компании;01.02.2025;отклик
702;39;Котов Денис Иванович;реферал;12.09.2025;нанят
703;39;Мельникова Галина Олеговна;hh.ru;28.09.2025;интервью
704;39;Иванов Ярослав Валерьевич;телеграм-канал;13.09.2025;интервью
705;39;Рыбакова Наталья Геннадьевна;hh.ru;25.09.2025;интервью
706;39;Поляков Марк Сергеевич;hh.ru;30.09.2025;интервью
707;39;Баранов Сергей Константинович;реферал;19.09.2025;скрининг
708;39;Сидоров Егор Юрьевич;hh.ru;27.09.2025;скрининг
709;39;Сафронова Алина Борисовна;телеграм-канал;10.09.2025;скрининг
710;39;Козлов Денис Борисович;реферал;03.10.2025;скрининг
711;39;Кудряшова Вероника Анатольевна;реферал;09.09.2025;скрининг
712;39;Панов Артём Петрович;hh.ru;09.09.2025;скрининг
713;39;Кузнецова Анастасия Валерьевна;телеграм-канал;02.10.2025;отклик
714;39;Захарова Галина Геннадьевна;hh.ru;09.09.2025;отклик
715;39;Воронов Марк Алексеевич;реферал;30.09.2025;отклик
716;39;Мухин Игорь Константинович;сайт компании;01.10.2025;отклик
717;39;Дмитриева Вероника Анатольевна;hh.ru;25.09.2025;отклик
718;39;Тарасов Артём Николаевич;реферал;21.09.2025;отклик
719;39;Петрова Маргарита Викторовна;hh.ru;12.09.2025;отклик
720;39;Лебедева Светлана Игоревна;реферал;02.10.2025;отклик
721;39;Котов Евгений Олегович;hh.ru;25.09.2025;отклик
722;39;Емельянов Антон Борисович;hh.ru;23.09.2025;отклик
723;39;Осипов Максим Петрович;hh.ru;21.09.2025;отклик
724;39;Королев Константин Александрович;hh.ru;26.09.2025;отклик
725;39;Соколов Максим Алексеевич;телеграм-канал;21.09.2025;отклик
726;40;Смирнов Денис Юрьевич;hh.ru;23.10.2025;нанят
727;40;Козлов Денис Павлович;реферал;09.11.2025;интервью
728;40;Орлов Александр Павлович;реферал;03.11.2025;интервью
729;40;Сергеева Милана Петровна;телеграм-канал;18.10.2025;интервью
730;40;Воробьева Ольга Владимировна;hh.ru;31.10.2025;скрининг
731;40;Григорьев Артём Иванович;реферал;09.11.2025;скрининг
732;40;Третьякова Милана Владимировна;hh.ru;23.10.2025;скрининг
733;40;Исакова Дарья Алексеевна;телеграм-канал;15.10.2025;скрининг
734;40;Сорокина Галина Анатольевна;hh.ru;01.11.2025;скрининг
735;40;Горбунов Владимир Константинович;hh.ru;24.10.2025;отклик
736;40;Савельева Анна Павловна;телеграм-канал;30.10.2025;отклик
737;40;Савельева Софья Владимировна;hh.ru;28.10.2025;отклик
738;40;Щербаков Сергей Алексеевич;hh.ru;05.11.2025;отклик
739;40;Блинова Алина Алексеевна;реферал;27.10.2025;отклик
740;40;Павлова Татьяна Геннадьевна;hh.ru;22.10.2025;отклик
741;40;Тарасова Софья Константиновна;реферал;25.10.2025;отклик
742;40;Сорокин Никита Николаевич;hh.ru;22.10.2025;отклик
743;40;Дмитриева Вероника Дмитриевна;hh.ru;09.11.2025;отклик
744;40;Афанасьева Галина Викторовна;телеграм-канал;19.10.2025;отклик
745;40;Власова Елизавета Геннадьевна;hh.ru;22.10.2025;отклик
746;40;Яковлева Ксения Константиновна;hh.ru;04.11.2025;отклик
747;40;Дмитриева Ксения Михайловна;hh.ru;30.10.2025;отклик
748;40;Петрова Маргарита Олеговна;телеграм-канал;30.10.2025;отклик
749;41;Маслов Данил Владимирович;реферал;06.03.2025;нанят
750;41;Сафронова Ольга Андреевна;телеграм-канал;20.03.2025;интервью
751;41;Волкова Александра Алексеевна;hh.ru;17.03.2025;интервью
752;41;Козлова Ольга Дмитриевна;телеграм-канал;31.03.2025;интервью
753;41;Захаров Константин Валерьевич;телеграм-канал;01.03.2025;интервью
754;41;Смирнова Милана Андреевна;реферал;12.03.2025;скрининг
755;41;Орлов Игорь Викторович;hh.ru;23.03.2025;скрининг
756;41;Фролова Маргарита Петровна;hh.ru;07.03.2025;скрининг
757;41;Антонов Александр Константинович;реферал;05.04.2025;скрининг
758;41;Кудряшов Ярослав Александрович;hh.ru;02.04.2025;скрининг
759;41;Сорокин Кирилл Олегович;сайт компании;22.03.2025;отклик
760;41;Сергеев Иван Сергеевич;реферал;05.04.2025;отклик
761;41;Орлов Сергей Михайлович;реферал;06.03.2025;отклик
762;41;Блинов Антон Николаевич;hh.ru;30.03.2025;отклик
763;41;Мартынова Софья Борисовна;hh.ru;05.03.2025;отклик
764;41;Захаров Данил Петрович;телеграм-канал;09.04.2025;отклик
765;41;Виноградов Егор Сергеевич;сайт компании;20.03.2025;отклик
766;41;Воробьева Софья Алексеевна;hh.ru;04.04.2025;отклик
767;41;Щербаков Антон Андреевич;реферал;26.03.2025;отклик
768;41;Сафронова Ирина Андреевна;сайт компании;23.03.2025;отклик
769;42;Павлова Анна Андреевна;hh.ru;02.11.2025;нанят
770;42;Мухина Наталья Алексеевна;hh.ru;22.11.2025;интервью
771;42;Андреев Евгений Юрьевич;телеграм-канал;01.11.2025;интервью
772;42;Котов Николай Константинович;hh.ru;26.11.2025;интервью
773;42;Сергеев Павел Юрьевич;hh.ru;07.11.2025;скрининг
774;42;Мухина Анастасия Борисовна;реферал;17.11.2025;скрининг
775;42;Щербакова Софья Михайловна;телеграм-канал;25.11.2025;скрининг
776;42;Мартынов Марк Павлович;сайт компании;02.11.2025;скрининг
777;42;Баранов Евгений Павлович;телеграм-канал;15.11.2025;скрининг
778;42;Сафронова Полина Олеговна;hh.ru;04.12.2025;отклик
779;42;Мельникова Виктория Владимировна;hh.ru;18.11.2025;отклик
780;42;Давыдов Марк Викторович;hh.ru;08.12.2025;отклик
781;42;Григорьева Алёна Юрьевна;реферал;05.12.2025;отклик
782;42;Савельев Роман Алексеевич;hh.ru;10.12.2025;отклик
783;42;Родионов Александр Александрович;реферал;13.11.2025;отклик
784;42;Королев Ярослав Игоревич;реферал;29.11.2025;отклик
785;42;Панова Людмила Константиновна;hh.ru;22.11.2025;отклик
786;42;Волков Егор Константинович;hh.ru;20.11.2025;отклик
787;43;Абрамов Ярослав Сергеевич;сайт компании;11.02.2025;нанят
788;43;Щербакова Валерия Валерьевна;hh.ru;09.02.2025;интервью
789;43;Смирнова Диана Андреевна;hh.ru;14.02.2025;интервью
790;43;Петрова Ирина Александровна;hh.ru;01.02.2025;интервью
791;43;Соловьев Константин Александрович;hh.ru;05.02.2025;интервью
792;43;Давыдов Денис Николаевич;hh.ru;20.02.2025;интервью
793;43;Зайцев Артём Николаевич;телеграм-канал;19.02.2025;скрининг
794;43;Сорокина Виктория Александровна;hh.ru;01.02.2025;скрининг
795;43;Дмитриев Егор Валерьевич;сайт компании;24.02.2025;скрининг
796;43;Архипов Матвей Михайлович;hh.ru;11.02.2025;скрининг
797;43;Герасимова Анастасия Юрьевна;hh.ru;21.02.2025;скрининг
798;43;Васильева Екатерина Михайловна;реферал;03.02.2025;скрининг
799;43;Соколова Ксения Владимировна;реферал;18.02.2025;отклик
800;43;Савельева Маргарита Валерьевна;hh.ru;23.02.2025;отклик
801;43;Исакова Полина Петровна;hh.ru;12.02.2025;отклик
802;43;Никитин Матвей Дмитриевич;hh.ru;17.02.2025;отклик
803;43;Воробьев Игорь Олегович;hh.ru;18.02.2025;отклик
804;43;Смирнов Константин Олегович;hh.ru;19.02.2025;отклик
805;43;Воробьева Оксана Анатольевна;телеграм-канал;18.02.2025;отклик
806;43;Васильев Денис Владимирович;hh.ru;23.02.2025;отклик
807;43;Попова Виктория Игоревна;сайт компании;12.02.2025;отклик
808;43;Воробьева Маргарита Олеговна;сайт компании;08.02.2025;отклик
809;43;Рыбаков Егор Борисович;реферал;20.02.2025;отклик
810;43;Сидорова Вера Юрьевна;телеграм-канал;18.02.2025;отклик
811;43;Попов Тимофей Дмитриевич;реферал;12.02.2025;отклик
812;44;Попов Евгений Игоревич;hh.ru;15.03.2025;нанят
813;44;Сидорова Елена Александровна;hh.ru;26.03.2025;интервью
814;44;Егорова Ольга Борисовна;сайт компании;19.03.2025;интервью
815;44;Осипов Владислав Сергеевич;hh.ru;23.03.2025;интервью
816;44;Ковалева Алёна Константиновна;hh.ru;07.04.2025;интервью
817;44;Карпов Павел Борисович;hh.ru;02.04.2025;интервью
818;44;Давыдова Алёна Геннадьевна;телеграм-канал;18.03.2025;интервью
819;44;Яковлева Диана Александровна;телеграм-канал;15.03.2025;скрининг
820;44;Абрамов Максим Иванович;hh.ru;14.03.2025;скрининг
821;44;Александров Иван Юрьевич;телеграм-канал;13.03.2025;скрининг
822;44;Кудряшова Виктория Валерьевна;сайт компании;19.03.2025;скрининг
823;44;Королева Елизавета Дмитриевна;hh.ru;22.03.2025;скрининг
824;44;Абрамов Олег Игоревич;hh.ru;14.03.2025;скрининг
825;44;Соколов Алексей Юрьевич;телеграм-канал;03.04.2025;скрининг
826;44;Васильев Алексей Игоревич;реферал;19.03.2025;отклик
827;44;Абрамов Сергей Михайлович;hh.ru;19.03.2025;отклик
828;44;Аксенова Галина Дмитриевна;hh.ru;05.04.2025;отклик
829;44;Соколов Данил Алексеевич;телеграм-канал;22.03.2025;отклик
830;44;Щербаков Иван Андреевич;hh.ru;06.04.2025;отклик
831;44;Семенова Дарья Игоревна;hh.ru;23.03.2025;отклик
832;44;Борисова Людмила Олеговна;hh.ru;17.03.2025;отклик
833;44;Романова Ксения Юрьевна;hh.ru;28.03.2025;отклик
834;44;Кудряшов Максим Игоревич;hh.ru;15.03.2025;отклик
835;44;Кудряшов Владимир Геннадьевич;сайт компании;16.03.2025;отклик
836;44;Воронова Вера Борисовна;телеграм-канал;16.03.2025;отклик
837;44;Богданов Антон Владимирович;hh.ru;05.04.2025;отклик
838;44;Баранов Иван Анатольевич;реферал;24.03.2025;отклик
839;44;Мартынова Маргарита Павловна;hh.ru;24.03.2025;отклик
840;44;Кудряшова Алёна Дмитриевна;hh.ru;06.04.2025;отклик
841;45;Осипов Кирилл Игоревич;hh.ru;18.08.2025;нанят
842;45;Морозов Матвей Александрович;hh.ru;21.08.2025;интервью
843;45;Кузнецов Антон Дмитриевич;hh.ru;28.08.2025;интервью
844;45;Маслова Александра Анатольевна;hh.ru;26.08.2025;интервью
845;45;Гусев Кирилл Юрьевич;hh.ru;14.09.2025;интервью
846;45;Семенова Галина Николаевна;hh.ru;10.09.2025;скрининг
847;45;Суворов Марк Геннадьевич;hh.ru;28.08.2025;скрининг
848;45;Сидоров Константин Геннадьевич;hh.ru;19.08.2025;скрининг
849;45;Семенов Егор Дмитриевич;hh.ru;05.09.2025;скрининг
850;45;Суворова Арина Олеговна;сайт компании;26.08.2025;скрининг
851;45;Комарова Виктория Борисовна;hh.ru;28.08.2025;скрининг
852;45;Виноградова Мария Андреевна;hh.ru;17.09.2025;скрининг
853;45;Котов Тимофей Геннадьевич;hh.ru;16.08.2025;отклик
854;45;Трофимов Максим Олегович;hh.ru;07.09.2025;отклик
855;45;Федорова Мария Алексеевна;hh.ru;16.09.2025;отклик
856;45;Исаков Евгений Викторович;hh.ru;27.08.2025;отклик
857;45;Осипова Татьяна Ивановна;hh.ru;20.08.2025;отклик
858;45;Захаров Олег Александрович;hh.ru;17.08.2025;отклик
859;45;Степанова Валерия Игоревна;hh.ru;19.08.2025;отклик
860;45;Николаев Никита Алексеевич;телеграм-канал;12.09.2025;отклик
861;45;Карпов Антон Борисович;hh.ru;30.08.2025;отклик
862;45;Воронова Алина Павловна;hh.ru;11.09.2025;отклик
863;45;Николаева Юлия Александровна;hh.ru;28.08.2025;отклик
864;45;Рыбаков Марк Валерьевич;сайт компании;16.08.2025;отклик
865;45;Зуева Александра Петровна;телеграм-канал;17.09.2025;отклик
866;45;Исаков Егор Анатольевич;hh.ru;05.09.2025;отклик
867;45;Тихонова Анастасия Михайловна;hh.ru;02.09.2025;отклик
868;46;Абрамов Константин Юрьевич;сайт компании;30.08.2025;нанят
869;46;Маслов Алексей Павлович;hh.ru;03.09.2025;оффер
870;46;Сидоров Игорь Валерьевич;hh.ru;31.08.2025;интервью
871;46;Ильин Данил Борисович;реферал;29.08.2025;интервью
872;46;Андреева Александра Петровна;hh.ru;10.09.2025;скрининг
873;46;Васильев Матвей Юрьевич;телеграм-канал;20.08.2025;скрининг
874;46;Максимов Данил Сергеевич;телеграм-канал;27.08.2025;скрининг
875;46;Воробьев Владислав Андреевич;hh.ru;10.09.2025;скрининг
876;46;Тарасова Екатерина Юрьевна;hh.ru;25.08.2025;скрининг
877;46;Белова Ирина Андреевна;hh.ru;03.09.2025;скрининг
878;46;Мартынова Алина Сергеевна;реферал;24.08.2025;отклик
879;46;Родионов Денис Геннадьевич;сайт компании;31.08.2025;отклик
880;46;Антонова Виктория Анатольевна;hh.ru;02.09.2025;отклик
881;46;Тихонов Иван Дмитриевич;реферал;31.08.2025;отклик
882;46;Попова Мария Ивановна;hh.ru;08.09.2025;отклик
883;46;Макарова Дарья Юрьевна;телеграм-канал;20.08.2025;отклик
884;46;Антонова Дарья Константиновна;hh.ru;29.08.2025;отклик
885;46;Соловьев Денис Олегович;сайт компании;02.09.2025;отклик
886;46;Беляев Евгений Юрьевич;hh.ru;04.09.2025;отклик
887;46;Соколов Михаил Владимирович;телеграм-канал;07.09.2025;отклик
888;46;Власова Софья Сергеевна;реферал;25.08.2025;отклик
889;46;Комаров Антон Викторович;hh.ru;10.09.2025;отклик
890;47;Блинов Никита Николаевич;hh.ru;19.02.2025;нанят
891;47;Мартынова Ксения Николаевна;hh.ru;12.03.2025;оффер
892;47;Михайлов Владимир Петрович;реферал;23.03.2025;интервью
893;47;Полякова Ирина Владимировна;hh.ru;04.03.2025;скрининг
894;47;Осипова Екатерина Константиновна;hh.ru;26.02.2025;скрининг
895;47;Давыдова Полина Константиновна;телеграм-канал;15.03.2025;скрининг
896;47;Лебедева Маргарита Андреевна;hh.ru;01.03.2025;отклик
897;47;Максимова Александра Ивановна;hh.ru;15.03.2025;отклик
898;47;Королева Дарья Валерьевна;сайт компании;10.03.2025;отклик
899;47;Александрова Полина Геннадьевна;реферал;16.03.2025;отклик
900;47;Осипова Анастасия Юрьевна;телеграм-канал;26.02.2025;отклик
901;47;Григорьева Анастасия Дмитриевна;телеграм-канал;08.03.2025;отклик
902;48;Белов Олег Дмитриевич;hh.ru;30.10.2024;нанят
903;48;Воробьев Евгений Дмитриевич;телеграм-канал;23.10.2024;интервью
904;48;Кудряшова Анастасия Анатольевна;hh.ru;19.11.2024;скрининг
905;48;Давыдов Кирилл Константинович;hh.ru;19.11.2024;скрининг
906;48;Блинова Виктория Алексеевна;сайт компании;10.11.2024;отклик
907;48;Мельникова Софья Борисовна;hh.ru;11.11.2024;отклик
908;48;Васильев Антон Олегович;телеграм-канал;29.11.2024;отклик
909;48;Богданова Арина Сергеевна;сайт компании;22.11.2024;отклик
910;48;Фролова Елизавета Геннадьевна;сайт компании;06.11.2024;отклик
911;48;Емельянова Вероника Юрьевна;hh.ru;18.11.2024;отклик
912;49;Федоров Владимир Викторович;телеграм-канал;31.08.2025;нанят
913;49;Романов Никита Сергеевич;реферал;27.08.2025;интервью
914;49;Рыбакова Диана Викторовна;hh.ru;06.09.2025;интервью
915;49;Максимов Павел Михайлович;hh.ru;30.09.2025;скрининг
916;49;Трофимова Вероника Геннадьевна;телеграм-канал;30.09.2025;скрининг
917;49;Васильева Вера Павловна;hh.ru;01.10.2025;скрининг
918;49;Гаврилова Ирина Петровна;телеграм-канал;06.10.2025;скрининг
919;49;Трофимов Ярослав Алексеевич;hh.ru;30.09.2025;отклик
920;49;Новикова Ксения Юрьевна;hh.ru;07.09.2025;отклик
921;49;Смирнова Наталья Валерьевна;hh.ru;07.10.2025;отклик
922;49;Ковалева Анастасия Николаевна;hh.ru;01.09.2025;отклик
923;49;Григорьева Дарья Викторовна;реферал;27.09.2025;отклик
924;49;Алексеев Олег Михайлович;реферал;27.09.2025;отклик
925;49;Сергеева Татьяна Юрьевна;сайт компании;09.10.2025;отклик
926;49;Григорьева Софья Константиновна;телеграм-канал;08.10.2025;отклик
927;50;Суворова Алина Юрьевна;hh.ru;15.08.2025;нанят
928;50;Воробьев Павел Валерьевич;телеграм-канал;10.08.2025;интервью
929;50;Дмитриева Татьяна Валерьевна;телеграм-канал;29.08.2025;интервью
930;50;Панова Юлия Андреевна;hh.ru;26.08.2025;интервью
931;50;Щербаков Павел Николаевич;реферал;27.08.2025;скрининг
932;50;Морозов Артём Олегович;hh.ru;20.08.2025;скрининг
933;50;Филиппов Евгений Игоревич;телеграм-канал;18.08.2025;скрининг
934;50;Комарова Светлана Геннадьевна;hh.ru;18.08.2025;скрининг
935;50;Тихонов Олег Викторович;реферал;12.09.2025;отклик
936;50;Воробьев Дмитрий Юрьевич;hh.ru;04.09.2025;отклик
937;50;Алексеева Юлия Ивановна;hh.ru;09.09.2025;отклик
938;50;Воробьева Юлия Борисовна;телеграм-канал;09.09.2025;отклик
939;50;Родионова Валерия Игоревна;сайт компании;21.08.2025;отклик
940;50;Николаев Марк Иванович;hh.ru;15.08.2025;отклик
941;50;Романов Егор Геннадьевич;телеграм-канал;18.09.2025;отклик
942;50;Богданов Данил Юрьевич;сайт компании;20.09.2025;отклик
943;50;Зуев Владимир Олегович;телеграм-канал;24.08.2025;отклик
944;51;Киселева Людмила Игоревна;hh.ru;24.01.2025;нанят
945;51;Филиппов Руслан Геннадьевич;hh.ru;07.02.2025;оффер
946;51;Мухин Никита Андреевич;hh.ru;16.01.2025;скрининг
947;51;Орлова Светлана Александровна;реферал;18.02.2025;скрининг
948;51;Медведева Оксана Геннадьевна;телеграм-канал;21.01.2025;скрининг
949;51;Максимова Виктория Викторовна;реферал;17.02.2025;отклик
950;51;Соловьев Владимир Константинович;hh.ru;05.02.2025;отклик
951;51;Горбунов Михаил Павлович;hh.ru;03.02.2025;отклик
952;51;Осипов Павел Геннадьевич;реферал;02.02.2025;отклик
953;51;Романов Денис Александрович;hh.ru;16.02.2025;отклик
954;52;Антонова Людмила Валерьевна;hh.ru;10.11.2025;оффер
955;52;Волкова Татьяна Геннадьевна;телеграм-канал;13.12.2025;интервью
956;52;Абрамов Владимир Валерьевич;hh.ru;05.12.2025;интервью
957;52;Суворова Анна Михайловна;hh.ru;22.12.2025;скрининг
958;52;Горбунов Кирилл Анатольевич;hh.ru;20.12.2025;скрининг
959;52;Васильева Анастасия Сергеевна;телеграм-канал;25.12.2025;скрининг
960;52;Павлов Андрей Анатольевич;сайт компании;12.11.2025;отклик
961;52;Иванова Алина Николаевна;hh.ru;12.11.2025;отклик
962;52;Васильева Мария Борисовна;сайт компании;15.11.2025;отклик
963;52;Богданова Людмила Михайловна;реферал;09.12.2025;отклик
964;52;Абрамова Елена Андреевна;телеграм-канал;23.11.2025;отклик
965;52;Григорьев Руслан Игоревич;hh.ru;04.12.2025;отклик
966;52;Сидорова Валерия Ивановна;hh.ru;17.11.2025;отклик
967;53;Лебедева Полина Валерьевна;hh.ru;12.12.2025;оффер
968;53;Григорьев Михаил Николаевич;телеграм-канал;21.12.2025;интервью
969;53;Рыбаков Антон Алексеевич;hh.ru;23.12.2025;интервью
970;53;Суворова Екатерина Владимировна;телеграм-канал;30.12.2025;интервью
971;53;Жуков Тимофей Павлович;hh.ru;08.12.2025;скрининг
972;53;Панова Диана Николаевна;телеграм-канал;15.12.2025;скрининг
973;53;Григорьева Анастасия Александровна;hh.ru;03.12.2025;скрининг
974;53;Александрова Диана Борисовна;телеграм-канал;09.12.2025;скрининг
975;53;Тихонов Дмитрий Олегович;сайт компании;27.12.2025;отклик
976;53;Иванова Алёна Владимировна;hh.ru;11.12.2025;отклик
977;53;Тарасов Антон Юрьевич;реферал;20.12.2025;отклик
978;53;Фролова Валерия Сергеевна;телеграм-канал;27.12.2025;отклик
979;53;Фролов Максим Валерьевич;сайт компании;28.12.2025;отклик
980;53;Филиппов Данил Валерьевич;hh.ru;03.12.2025;отклик
981;53;Гусев Михаил Валерьевич;сайт компании;16.12.2025;отклик
982;53;Котов Павел Дмитриевич;hh.ru;16.12.2025;отклик
983;53;Орлова Мария Дмитриевна;hh.ru;08.12.2025;отклик
984;54;Тихонова Татьяна Александровна;реферал;17.10.2025;оффер
985;54;Павлов Матвей Павлович;hh.ru;25.10.2025;интервью
986;54;Филиппова Виктория Игоревна;hh.ru;26.10.2025;скрининг
987;54;Борисова Оксана Петровна;реферал;28.10.2025;скрининг
988;54;Филиппова Наталья Николаевна;сайт компании;01.11.2025;отклик
989;54;Быкова Наталья Петровна;hh.ru;10.10.2025;отклик
990;54;Мухин Максим Викторович;hh.ru;07.11.2025;отклик
991;54;Королев Михаил Владимирович;hh.ru;04.11.2025;отклик
992;54;Соколова Валерия Андреевна;hh.ru;28.10.2025;отклик
993;54;Ильина Александра Сергеевна;hh.ru;17.10.2025;отклик
994;55;Комаров Иван Алексеевич;сайт компании;16.12.2025;интервью
995;55;Волкова Полина Петровна;реферал;21.12.2025;интервью
996;55;Дмитриев Данил Иванович;hh.ru;22.12.2025;интервью
997;55;Орлова Дарья Викторовна;реферал;26.12.2025;интервью
998;55;Кудряшов Денис Юрьевич;телеграм-канал;25.12.2025;интервью
999;55;Семенова Ирина Анатольевна;hh.ru;15.12.2025;скрининг
1000;55;Зуев Михаил Игоревич;hh.ru;20.12.2025;скрининг
1001;55;Дмитриева Елизавета Викторовна;hh.ru;19.12.2025;скрининг
1002;55;Архипова Вера Юрьевна;сайт компании;24.12.2025;скрининг
1003;55;Захарова Александра Ивановна;hh.ru;23.12.2025;отклик
1004;55;Мухина Милана Ивановна;hh.ru;25.12.2025;отклик
1005;55;Николаева Наталья Геннадьевна;hh.ru;20.12.2025;отклик
1006;55;Лебедев Илья Иванович;hh.ru;15.12.2025;отклик
1007;55;Соколов Антон Олегович;сайт компании;31.12.2025;отклик
1008;55;Борисов Илья Викторович;hh.ru;20.12.2025;отклик
1009;55;Захарова Диана Николаевна;реферал;16.12.2025;отклик
1010;55;Герасимова Юлия Павловна;реферал;20.12.2025;отклик
1011;55;Смирнов Игорь Дмитриевич;hh.ru;20.12.2025;отклик
1012;55;Карпов Владимир Дмитриевич;hh.ru;15.12.2025;отклик
