ФИО;телефон;дата отклика;вакансия;источник;этап
Исаков Антон Николаевич;89289785282;07.02.2025;Менеджер по продажам;телеграм;нанят
Исакова Дарья Игоревна;+79299793201;27 февраля 2025;Менеджер по продажам;Реферал;интервью
  Дмитриев Кирилл Сергеевич;+7 (930) 980-11-20;2025-03-11;менеджер по продажам;HH;
Гусева Юлия Дмитриевна;89319809039;03.03.2025;Менеджер по продажам;;скрининг
Родионова Ксения Викторовна;+79329816958;24 февраля 2025;Менеджер по продажам;hh.ru;скрининг
НИКОЛАЕВ ВЛАДИСЛАВ ДМИТРИЕВИЧ;+7 (933) 982-48-77;2025-02-15;Менеджер по продажам;Telegram;скрининг
Блинов  Илья  Александрович;89349832796;09.03.2025;менеджер по продажам;рекомендация;отклик
  Горбунова Софья Викторовна;+79359840715;19 февраля 2025;Менеджер по продажам;реферал;отклик
Сорокин Сергей Константинович;+7 (936) 984-86-34;2025-02-26;Менеджер по продажам ;hh.ru;отклик
Сидоров Александр Павлович;89379856553;15.03.2025;Менеджер по продажам;сайт;отклик
Королев Денис Петрович;+79389864472;17 февраля 2025;менеджер по продажам;HH;отклик
Поляков Максим Павлович;+7 (939) 987-23-91;2025-02-02;Менеджер по продажам;сайт;отклик
  ТРЕТЬЯКОВ ИЛЬЯ ИГОРЕВИЧ;89409880310;20.02.2025;Менеджер по продажам;HeadHunter;
Яковлев Павел Юрьевич;+79419888229;10 февраля 2025;Менеджер по продажам;сайт;отклик
Павлова Анна Андреевна;89499089711;02.11.2025;Кладовщик;HH;нанят
    МУХИНА  НАТАЛЬЯ  АЛЕКСЕЕВНА;+79509097630;22 ноября 2025;Кладовщик;hh;
Андреев Евгений Юрьевич;+7 (951) 910-55-49;2025-11-01;Кладовщик;Telegram;интервью
Котов Николай Константинович;89529113468;26.11.2025;кладовщик;HeadHunter;интервью
Сергеев Павел Юрьевич;+79539121387;7 ноября 2025;Кладовщик;hh;скрининг
Мухина Анастасия Борисовна;+7 (954) 912-93-06;2025-11-17;Кладовщик ;рекомендация;скрининг
  Щербакова Софья Михайловна;89559137225;25.11.2025;Кладовщик;Telegram;скрининг
Мартынов Марк Павлович;+79569145144;2 ноября 2025;кладовщик;сайт;скрининг
БАРАНОВ ЕВГЕНИЙ ПАВЛОВИЧ;+7 (957) 915-30-63;2025-11-15;Кладовщик;тг-канал;скрининг
Сафронова Полина Олеговна;89589160982;04.12.2025;Кладовщик;hh.ru;отклик
Мельникова Виктория Владимировна;+79599168901;18 ноября 2025;Кладовщик;HeadHunter;отклик
  Давыдов Марк Викторович;+7 (960) 917-68-20;2025-12-08;кладовщик;;
Григорьева  Алёна  Юрьевна;89619184739;05.12.2025;Кладовщик;Реферал;отклик
Савельев Роман Алексеевич;+79629192658;10 декабря 2025;Кладовщик;hh.ru;отклик
Родионов Александр Александрович;+7 (963) 920-05-77;2025-11-13;Кладовщик ;реферал;отклик
КОРОЛЕВ ЯРОСЛАВ ИГОРЕВИЧ;89649208496;29.11.2025;кладовщик;реферал;отклик
  Панова Людмила Константиновна;+79659216415;22 ноября 2025;Кладовщик;HH;отклик
Волков Егор Константинович;+7 (966) 922-43-34;2025-11-20;Кладовщик;hh;отклик
Полякова Анна Николаевна;+79389151762;7 февраля 2024;Программист 1С;Telegram;нанят
МАРТЫНОВА ЕЛЕНА ПЕТРОВНА;+7 (939) 915-96-81;2024-02-26;Программист 1С;hh;оффер
  Панова Ксения Сергеевна;89409167600;19.02.2024;программист 1С;HeadHunter;
Зуев Максим Иванович;+79419175519;6 марта 2024;Программист 1С;рекомендация;скрининг
Панов Владислав Николаевич;+7 (942) 918-34-38;2024-02-17;Программист 1С;HH;отклик
Колесникова Елена Александровна;89439191357;16.03.2024;Программист 1С;;отклик
Павлов Денис Владимирович;+79449199276;14 февраля 2024;программист 1С;HeadHunter;отклик
  Дмитриева Арина Николаевна;+7 (945) 920-71-95;2024-02-19;Программист 1С ;hh;отклик
РОДИОНОВА ТАТЬЯНА ДМИТРИЕВНА;89469215114;04.02.2024;Программист 1С;тг-канал;отклик
Максимов  Никита  Михайлович;+79479223033;20 февраля 2024;Программист 1С;hh;отклик
  Дмитриев Кирилл Сергеевич;+7 (930) 980-11-20;2025-03-11;менеджер по продажам;HH;
Сидоров Александр Павлович;89379856553;15.03.2025;Менеджер по продажам;сайт;отклик
Котов Николай Константинович;89529113468;26.11.2025;кладовщик;HeadHunter;интервью
родионова ксения викторовна;+79329816958;24 февраля 2025;Менеджер по продажам;hh.ru;скрининг
третьяков илья игоревич;89409880310;20.02.2025;Менеджер по продажам;HeadHunter;
