id;ФИО;пол;дата рождения;отдел_id;должность;дата приёма;дата увольнения;ставка
101;Лебедева Юлия Борисовна;ж;06.10.1974;1;руководитель отдела продаж;28.09.2018;;1
102;Горбунов Тимофей Иванович;м;17.09.1967;1;менеджер по продажам;07.07.2019;;1
103;Егорова Софья Олеговна;ж;28.04.1980;1;менеджер по продажам;08.11.2020;09.05.2023;1
104;Романов Марк Андреевич;м;23.09.1975;1;менеджер по продажам;15.10.2019;;1
105;Попова Ольга Михайловна;ж;21.12.1967;1;менеджер по продажам;15.05.2020;;1
106;Давыдов Владимир Сергеевич;м;03.01.1976;1;менеджер по продажам;26.08.2022;;1
107;Алексеева Александра Викторовна;ж;16.12.1997;1;менеджер по продажам;11.06.2022;;1
108;Петрова Валерия Борисовна;ж;16.02.1970;1;менеджер по продажам;06.12.2021;;1
109;Колесников Александр Сергеевич;м;01.05.1972;1;менеджер по продажам;10.10.2022;;1
110;Филиппов Данил Игоревич;м;22.10.1974;1;менеджер по продажам;08.06.2021;15.01.2025;1
111;Киселев Кирилл Петрович;м;26.06.1989;1;менеджер по продажам;17.09.2022;;1
112;Виноградова Елена Николаевна;ж;24.01.1983;1;менеджер по продажам;10.01.2022;12.01.2023;1
113;Быков Руслан Алексеевич;м;16.05.1971;1;старший менеджер по продажам;05.06.2022;09.08.2024;1
114;Рыбакова Светлана Валерьевна;ж;20.05.1995;1;старший менеджер по продажам;02.11.2021;;1
115;Афанасьев Павел Михайлович;м;12.01.1994;1;старший менеджер по продажам;20.02.2020;26.09.2025;1
116;Антонова Светлана Александровна;ж;12.04.1982;1;старший менеджер по продажам;12.11.2019;;1
117;Ильин Илья Анатольевич;м;04.06.1972;1;менеджер по продажам;07.04.2022;16.07.2024;1
118;Жуков Кирилл Сергеевич;м;02.07.1972;1;старший менеджер по продажам;21.11.2022;06.02.2025;1
119;Медведев Кирилл Геннадьевич;м;23.10.1979;1;старший менеджер по продажам;02.11.2018;18.02.2024;1
120;Абрамов Дмитрий Дмитриевич;м;22.09.1991;1;менеджер по продажам;16.02.2022;06.09.2023;1
121;Новикова Вера Геннадьевна;ж;08.02.1974;2;руководитель отдела маркетинга;09.04.2019;;1
122;Максимов Иван Александрович;м;10.06.1985;2;контент-менеджер;20.08.2020;;1
123;Киселева Татьяна Ивановна;ж;01.05.1983;2;контент-менеджер;06.11.2021;;1
124;Белова Юлия Андреевна;ж;31.07.1970;2;маркетолог;05.05.2020;;1
125;Захаров Дмитрий Алексеевич;м;26.09.1984;2;маркетолог;05.02.2020;27.09.2023;1
126;Аксенова Ирина Валерьевна;ж;25.06.1969;2;маркетолог;02.12.2022;08.11.2024;1
127;Мартынов Никита Алексеевич;м;14.09.1980;2;контент-менеджер;08.04.2019;04.12.2025;0,5
128;Иванова Светлана Юрьевна;ж;19.01.1968;3;начальник производства;04.03.2019;;1
129;Гаврилов Антон Александрович;м;13.01.1970;3;оператор линии;22.12.2021;17.04.2023;1
130;Максимов Тимофей Алексеевич;м;20.02.1993;3;оператор линии;18.08.2021;21.01.2025;1
131;Мухин Артём Дмитриевич;м;23.08.1993;3;оператор линии;19.10.2018;;1
132;Осипов Иван Валерьевич;м;10.12.1996;3;наладчик;05.01.2021;;1
133;Федоров Алексей Викторович;м;16.07.1989;3;наладчик;23.09.2022;02.01.2025;1
134;Антонова Ольга Игоревна;ж;11.12.1988;3;оператор линии;24.01.2019;08.10.2023;1
135;Григорьев Сергей Борисович;м;25.08.1985;3;технолог;21.03.2020;;1
136;Романов Владислав Петрович;м;17.11.1991;3;оператор линии;04.12.2021;;1
137;Сорокин Максим Иванович;м;21.05.1979;3;оператор линии;12.08.2018;14.12.2023;1
138;Архипов Руслан Иванович;м;29.12.1968;3;наладчик;07.09.2022;28.01.2023;1
139;Емельянов Андрей Геннадьевич;м;04.10.1980;3;мастер смены;06.12.2018;;1
140;Яковлева Вера Дмитриевна;ж;07.08.1992;3;мастер смены;06.04.2018;;1
141;Сергеева Софья Сергеевна;ж;19.10.2000;3;наладчик;09.12.2022;;1
142;Архипов Владислав Юрьевич;м;20.02.1973;3;оператор линии;01.10.2022;;1
143;Яковлев Евгений Павлович;м;10.06.1990;3;оператор линии;23.01.2022;;1
144;Емельянова Елизавета Олеговна;ж;27.09.1993;3;технолог;19.03.2020;;1
145;Максимов Михаил Александрович;м;24.02.1973;3;оператор линии;28.09.2018;;1
146;Новикова Ирина Валерьевна;ж;29.10.1992;3;оператор линии;23.06.2019;15.06.2024;1
147;Мухина Анастасия Павловна;ж;01.09.1976;3;технолог;14.05.2019;23.04.2024;1
148;Новиков Алексей Геннадьевич;м;24.04.1997;3;оператор линии;12.04.2021;08.10.2025;1
149;Воробьев Олег Михайлович;м;03.11.1966;3;оператор линии;01.02.2020;;1
150;Жукова Ирина Юрьевна;ж;04.01.1975;3;оператор линии;03.04.2020;;1
151;Трофимов Алексей Павлович;м;05.11.1965;3;наладчик;17.03.2021;;1
152;Александрова Светлана Валерьевна;ж;01.12.1998;3;оператор линии;01.05.2022;22.01.2024;1
153;Николаев Владислав Юрьевич;м;17.02.1967;3;наладчик;01.12.2022;;1
154;Белов Тимофей Олегович;м;19.08.1979;3;технолог;10.12.2019;;1
155;Семенова Маргарита Алексеевна;ж;07.06.1996;3;наладчик;28.03.2021;19.07.2023;1
156;Киселева Анна Анатольевна;ж;15.06.1970;3;оператор линии;12.11.2018;;1
157;Медведева Анастасия Дмитриевна;ж;18.08.1963;3;оператор линии;18.07.2018;;1
158;Соловьев Иван Валерьевич;м;19.07.1976;3;наладчик;09.10.2019;;1
159;Колесников Александр Петрович;м;21.03.1983;3;оператор линии;04.08.2019;20.05.2023;1
160;Лебедев Роман Иванович;м;14.05.1992;3;оператор линии;07.09.2018;;1
161;Карпов Никита Владимирович;м;16.10.1995;3;оператор линии;15.03.2020;;1
162;Федорова Татьяна Сергеевна;ж;12.11.1985;3;оператор линии;01.06.2022;;1
163;Архипова Полина Геннадьевна;ж;16.05.1966;3;наладчик;05.09.2019;;1
164;Аксенов Данил Викторович;м;09.11.1974;4;заведующий складом;06.08.2018;;1
165;Зуева Вероника Дмитриевна;ж;30.03.1965;4;водитель погрузчика;01.02.2018;19.01.2024;1
166;Козлов Егор Сергеевич;м;17.09.1985;4;комплектовщик;13.10.2021;;1
167;Романова Вероника Геннадьевна;ж;01.12.1975;4;кладовщик;07.05.2022;;1
168;Лебедев Евгений Андреевич;м;17.09.1993;4;комплектовщик;21.09.2020;;1
169;Романов Егор Михайлович;м;28.08.1963;4;водитель погрузчика;02.05.2018;;1
170;Блинов Сергей Иванович;м;24.12.1977;4;комплектовщик;13.07.2018;;1
171;Поляков Максим Николаевич;м;27.04.1977;4;комплектовщик;18.10.2019;09.04.2023;1
172;Гусев Артём Андреевич;м;29.03.1994;4;кладовщик;11.03.2020;;1
173;Виноградов Тимофей Геннадьевич;м;23.07.1976;4;кладовщик;13.12.2019;;1
174;Николаева Алина Николаевна;ж;17.06.1979;4;кладовщик;26.10.2019;;1
175;Павлов Тимофей Викторович;м;07.06.1981;4;комплектовщик;01.10.2018;27.03.2023;1
176;Дмитриев Владислав Николаевич;м;28.07.1979;4;кладовщик;21.04.2021;12.09.2023;1
177;Максимов Роман Дмитриевич;м;05.02.1996;4;кладовщик;18.02.2018;;1
178;Исаков Егор Владимирович;м;21.08.1969;4;водитель погрузчика;08.08.2018;23.01.2023;1
179;Дмитриев Егор Олегович;м;21.06.1993;4;кладовщик;20.01.2022;;1
180;Колесников Роман Юрьевич;м;05.04.1976;4;водитель погрузчика;01.02.2021;;1
181;Баранов Ярослав Игоревич;м;30.04.1978;5;руководитель ИТ-отдела;22.05.2019;;1
182;Колесников Артём Анатольевич;м;04.07.1972;5;программист 1С;27.08.2022;;1
183;Воробьева Алёна Петровна;ж;31.03.1985;5;программист 1С;03.05.2021;06.03.2023;1
184;Абрамов Николай Валерьевич;м;10.09.1983;5;программист 1С;28.07.2018;;1
185;Сидоров Дмитрий Михайлович;м;10.08.1992;5;аналитик данных;22.08.2021;;1
186;Абрамов Антон Игоревич;м;02.04.1976;5;программист 1С;15.12.2022;;1
187;Макарова Дарья Владимировна;ж;17.05.1982;5;программист 1С;06.02.2020;;1
188;Никитин Ярослав Павлович;м;19.08.1966;5;аналитик данных;13.08.2021;13.10.2024;1
189;Карпов Артём Олегович;м;30.10.1977;5;системный администратор;08.03.2019;;1
190;Виноградов Егор Борисович;м;02.05.1989;5;аналитик данных;11.03.2020;;1
191;Петрова Софья Борисовна;ж;09.06.1985;5;системный администратор;25.07.2018;;1
192;Трофимова Елена Андреевна;ж;10.12.1965;6;главный бухгалтер;13.06.2018;;1
193;Волкова Софья Алексеевна;ж;07.05.1980;6;экономист;16.08.2020;27.05.2025;1
194;Михайлова Оксана Анатольевна;ж;10.02.1990;6;бухгалтер;02.03.2022;13.10.2024;1
195;Романова Дарья Петровна;ж;10.10.1995;6;бухгалтер;17.05.2020;;1
196;Савельева Виктория Николаевна;ж;14.05.1978;6;бухгалтер;22.01.2018;;1
197;Борисов Евгений Анатольевич;м;04.07.1976;6;бухгалтер;01.07.2020;23.03.2023;1
198;Орлова Анастасия Михайловна;ж;11.06.1984;6;бухгалтер;08.09.2018;;1
199;Григорьев Владислав Иванович;м;05.08.1989;6;экономист;16.03.2021;;1
200;Романова Алёна Дмитриевна;ж;16.01.1976;7;директор по персоналу;14.02.2019;;1
201;Иванова Полина Анатольевна;ж;03.07.1987;7;рекрутер;19.07.2018;;1
202;Афанасьева Анна Анатольевна;ж;23.05.1992;7;специалист по кадровому делопроизводству;19.04.2020;07.08.2023;1
203;Воробьева Алёна Александровна;ж;16.01.1971;7;HR-менеджер;28.08.2018;;1
204;Колесникова Арина Алексеевна;ж;20.03.1978;7;специалист по кадровому делопроизводству;05.03.2018;;1
205;Горбунов Руслан Алексеевич;м;13.06.1979;8;генеральный директор;11.11.2018;;1
206;Ковалев Владимир Анатольевич;м;29.07.1969;8;специалист по охране труда;07.06.2022;;1
207;Королев Константин Владимирович;м;23.12.1979;8;специалист по охране труда;16.06.2018;;0,5
208;Полякова Валерия Константиновна;ж;03.10.1995;8;специалист по охране труда;24.03.2022;07.01.2024;0,5
209;Васильев Алексей Юрьевич;м;02.06.1964;8;офис-менеджер;14.12.2019;15.10.2025;1
210;Афанасьева Анастасия Андреевна;ж;02.11.1971;8;специалист по охране труда;01.08.2020;;1
211;Власова Диана Александровна;ж;01.07.1989;1;менеджер по продажам;07.07.2023;14.08.2023;1
212;Щербаков Руслан Алексеевич;м;04.06.1993;1;старший менеджер по продажам;20.07.2023;03.05.2024;1
213;Козлов Максим Алексеевич;м;09.12.1998;1;старший менеджер по продажам;14.08.2023;;1
214;Горбунов Константин Александрович;м;18.07.1980;1;менеджер по продажам;26.07.2023;;1
215;Мартынова Галина Михайловна;ж;01.10.1986;1;менеджер по продажам;02.10.2023;05.03.2025;1
216;Максимов Евгений Геннадьевич;м;10.05.1986;1;менеджер по продажам;06.09.2023;06.12.2023;1
217;Яковлева Алёна Викторовна;ж;15.12.1999;1;менеджер по продажам;19.04.2023;28.06.2023;1
218;Гусев Павел Александрович;м;07.05.1972;2;маркетолог;27.12.2023;;1
219;Павлов Антон Сергеевич;м;22.09.1990;3;наладчик;25.04.2023;;1
220;Богданов Артём Алексеевич;м;08.05.1990;3;оператор линии;10.05.2023;27.01.2024;1
221;Попов Дмитрий Геннадьевич;м;26.07.1980;3;оператор линии;22.09.2023;22.06.2025;1
222;Гусев Денис Анатольевич;м;20.07.1976;3;оператор линии;12.09.2023;;1
223;Волков Илья Геннадьевич;м;22.04.1989;3;технолог;14.02.2023;09.06.2024;1
224;Соколов Кирилл Игоревич;м;06.03.1984;3;технолог;09.08.2023;;1
225;Попов Владислав Алексеевич;м;19.01.1979;3;мастер смены;13.04.2023;18.05.2024;1
226;Соловьева Маргарита Дмитриевна;ж;29.06.1984;4;кладовщик;18.02.2023;26.10.2025;1
227;Мухин Руслан Андреевич;м;03.10.1972;4;кладовщик;22.11.2023;04.01.2025;1
228;Павлова Алина Павловна;ж;15.01.1998;4;кладовщик;19.01.2023;;1
229;Козлов Егор Михайлович;м;01.07.1970;4;кладовщик;01.02.2023;03.04.2023;1
230;Афанасьев Алексей Михайлович;м;17.06.2000;4;комплектовщик;07.04.2023;19.10.2024;1
231;Григорьев Илья Андреевич;м;16.09.1990;5;программист 1С;05.11.2023;;1
232;Михайлов Кирилл Петрович;м;07.06.1979;5;программист 1С;14.05.2023;;1
233;Колесникова Маргарита Олеговна;ж;28.03.1968;6;экономист;18.09.2023;;1
234;Федорова Виктория Викторовна;ж;19.11.1969;7;HR-менеджер;04.08.2023;;1
235;Сорокин Владислав Анатольевич;м;23.04.1988;1;старший менеджер по продажам;16.11.2024;;1
236;Мухин Данил Викторович;м;07.10.1999;1;менеджер по продажам;09.04.2024;;1
237;Зуева Наталья Олеговна;ж;08.05.1988;1;старший менеджер по продажам;08.04.2024;;1
238;Мельников Роман Геннадьевич;м;30.01.1986;1;менеджер по продажам;16.02.2024;26.03.2024;1
239;Колесников Егор Михайлович;м;28.01.2001;1;старший менеджер по продажам;20.05.2024;13.08.2025;1
240;Сидорова Оксана Владимировна;ж;14.10.1998;1;менеджер по продажам;17.09.2024;09.10.2024;1
241;Воронова Анна Константиновна;ж;08.04.1978;2;маркетолог;27.12.2024;;1
242;Дмитриева Маргарита Алексеевна;ж;10.08.1981;2;контент-менеджер;22.11.2024;;1
243;Блинов Артём Анатольевич;м;03.08.1974;3;наладчик;15.09.2024;20.11.2024;1
244;Макаров Андрей Дмитриевич;м;14.11.1974;3;оператор линии;01.11.2024;22.03.2025;1
245;Козлова Вероника Александровна;ж;10.03.1997;3;мастер смены;16.11.2024;;1
246;Мухин Иван Михайлович;м;01.06.1976;3;оператор линии;06.02.2024;;1
247;Андреев Денис Дмитриевич;м;23.11.1983;3;оператор линии;13.07.2024;;1
248;Филиппов Сергей Павлович;м;02.03.2002;3;оператор линии;21.01.2024;18.07.2025;1
249;Мельников Игорь Алексеевич;м;13.08.1977;3;технолог;10.04.2024;;1
250;Васильев Никита Иванович;м;24.04.1998;4;водитель погрузчика;03.12.2024;;1
251;Родионов Константин Дмитриевич;м;12.09.1968;4;комплектовщик;13.04.2024;20.05.2024;1
252;Давыдов Егор Андреевич;м;08.08.1983;4;кладовщик;08.03.2024;13.04.2025;1
253;Фролов Марк Дмитриевич;м;30.05.1971;4;комплектовщик;21.11.2024;;1
254;Иванов Марк Валерьевич;м;20.07.1985;4;водитель погрузчика;22.09.2024;18.11.2024;1
255;Блинова Юлия Борисовна;ж;16.12.1982;5;системный администратор;26.12.2024;;1
256;Полякова Анна Николаевна;ж;17.08.1981;5;программист 1С;16.05.2024;26.04.2025;1
257;Романова Александра Андреевна;ж;27.12.1995;6;бухгалтер;11.10.2024;;1
258;Борисова Ольга Дмитриевна;ж;28.02.1988;7;рекрутер;07.08.2024;27.09.2025;1
259;Сергеев Алексей Сергеевич;м;01.11.1996;8;офис-менеджер;18.06.2024;;0,5
260;Лебедев Илья Владимирович;м;16.10.1994;1;старший менеджер по продажам;06.03.2025;;1
261;Исаков Антон Николаевич;м;29.01.1975;1;менеджер по продажам;25.03.2025;;1
262;Андреев Сергей Геннадьевич;м;01.06.2002;1;менеджер по продажам;18.02.2025;;1
263;Попов Алексей Константинович;м;08.07.1994;1;менеджер по продажам;14.03.2025;;1
264;Медведев Данил Павлович;м;17.10.1969;1;менеджер по продажам;19.09.2025;21.11.2025;1
265;Смирнов Александр Геннадьевич;м;26.02.1999;1;менеджер по продажам;10.03.2025;;1
266;Комарова Дарья Николаевна;ж;07.08.1986;1;менеджер по продажам;27.09.2025;25.11.2025;1
267;Давыдов Артём Михайлович;м;12.04.1982;1;менеджер по продажам;09.03.2025;;1
268;Зайцева Елена Михайловна;ж;14.12.1984;2;контент-менеджер;28.09.2025;;1
269;Романов Сергей Петрович;м;01.03.2001;3;наладчик;15.02.2025;;1
270;Гусев Данил Николаевич;м;10.04.1970;3;оператор линии;28.10.2025;;1
271;Сидорова Людмила Владимировна;ж;02.08.1974;3;технолог;09.02.2025;;1
272;Васильев Владислав Игоревич;м;26.04.1981;3;оператор линии;17.02.2025;;1
273;Котов Денис Иванович;м;06.07.1986;3;мастер смены;04.10.2025;;1
274;Смирнов Денис Юрьевич;м;08.06.1996;3;наладчик;09.11.2025;;1
275;Маслов Данил Владимирович;м;04.08.1971;3;наладчик;09.04.2025;;1
276;Павлова Анна Андреевна;ж;27.06.1982;4;кладовщик;11.12.2025;;1
277;Абрамов Ярослав Сергеевич;м;10.11.1972;4;кладовщик;25.02.2025;19.03.2025;1
278;Попов Евгений Игоревич;м;08.12.1981;4;комплектовщик;08.04.2025;;1
279;Осипов Кирилл Игоревич;м;06.05.1980;4;водитель погрузчика;17.09.2025;;1
280;Абрамов Константин Юрьевич;м;17.10.1977;4;водитель погрузчика;10.09.2025;01.10.2025;1
281;Блинов Никита Николаевич;м;30.09.1997;5;аналитик данных;05.05.2025;;1
282;Белов Олег Дмитриевич;м;29.11.1999;5;программист 1С;26.01.2025;;1
283;Федоров Владимир Викторович;м;17.03.1988;6;бухгалтер;10.10.2025;;1
284;Суворова Алина Юрьевна;ж;27.08.2002;7;специалист по кадровому делопроизводству;22.09.2025;;1
285;Киселева Людмила Игоревна;ж;30.10.1969;8;специалист по охране труда;06.03.2025;;0,5
