id;сотрудник_id;действует с;оклад
1;101;01.01.2023;124000
2;101;01.04.2024;134000
3;101;01.04.2025;143500
4;102;01.01.2023;71500
5;102;01.04.2024;77000
6;102;01.04.2025;82500
7;103;01.01.2023;61000
8;104;01.01.2023;65500
9;104;01.04.2024;70500
10;104;01.04.2025;75500
11;105;01.01.2023;72500
12;105;01.04.2024;78500
13;105;01.04.2025;84000
14;106;01.01.2023;69000
15;106;01.04.2024;74500
16;106;01.04.2025;79500
17;107;01.01.2023;70000
18;107;01.04.2024;75500
19;107;01.04.2025;81000
20;108;01.01.2023;70500
21;108;01.04.2024;76000
22;108;01.04.2025;81500
23;109;01.01.2023;76500
24;109;01.04.2024;82500
25;110;01.01.2023;62000
26;110;01.04.2024;67000
27;111;01.01.2023;59500
28;111;01.04.2025;63500
29;112;01.01.2023;77500
30;113;01.01.2023;80000
31;113;01.04.2024;86500
32;114;01.01.2023;74000
33;114;01.04.2025;79000
34;115;01.01.2023;84000
35;115;01.04.2024;90500
36;115;01.04.2025;97000
37;116;01.01.2023;83000
38;116;01.04.2025;89000
39;117;01.01.2023;59500
40;117;01.04.2024;64500
41;118;01.01.2023;88000
42;118;01.04.2024;95000
43;119;01.01.2023;82000
44;120;01.01.2023;66500
45;121;01.01.2023;110000
46;121;01.04.2024;119000
47;121;01.04.2025;127500
48;122;01.01.2023;68000
49;122;01.04.2025;73000
50;123;01.01.2023;55000
51;123;01.04.2025;59000
52;124;01.01.2023;65500
53;124;01.04.2024;70500
54;124;01.04.2025;75500
55;125;01.01.2023;68500
56;126;01.01.2023;64000
57;126;01.04.2024;69000
58;127;01.01.2023;64500
59;127;01.04.2025;69000
60;128;01.01.2023;129500
61;128;01.04.2024;140000
62;128;01.04.2025;150000
63;129;01.01.2023;53500
64;130;01.01.2023;59000
65;130;01.04.2024;63500
66;131;01.01.2023;52000
67;131;01.04.2024;56000
68;131;01.04.2025;60000
69;132;01.01.2023;67500
70;132;01.04.2024;73000
71;133;01.01.2023;64000
72;133;01.04.2024;69000
73;134;01.01.2023;54000
74;135;01.01.2023;71500
75;135;01.04.2024;77000
76;135;01.04.2025;82500
77;136;01.01.2023;49500
78;136;01.04.2024;53500
79;137;01.01.2023;54500
80;138;01.01.2023;59000
81;139;01.01.2023;82000
82;139;01.04.2024;88500
83;140;01.01.2023;80500
84;140;01.04.2024;87000
85;140;01.04.2025;93000
86;141;01.01.2023;72000
87;141;01.04.2024;78000
88;141;01.04.2025;83500
89;142;01.01.2023;49500
90;142;01.04.2025;53000
91;143;01.01.2023;57500
92;143;01.04.2024;62000
93;143;01.04.2025;66500
94;144;01.01.2023;71500
95;144;01.04.2024;77000
96;144;01.04.2025;82500
97;145;01.01.2023;60500
98;145;01.04.2025;64500
99;146;01.01.2023;57500
100;146;01.04.2024;62000
101;147;01.01.2023;80500
102;147;01.04.2024;87000
103;148;01.01.2023;56500
104;148;01.04.2024;61000
105;149;01.01.2023;57500
106;149;01.04.2024;62000
107;150;01.01.2023;52500
108;150;01.04.2024;56500
109;150;01.04.2025;60500
110;151;01.01.2023;68000
111;151;01.04.2024;73500
112;151;01.04.2025;78500
113;152;01.01.2023;50500
114;153;01.01.2023;57500
115;153;01.04.2024;62000
116;153;01.04.2025;66500
117;154;01.01.2023;78500
118;154;01.04.2024;85000
119;154;01.04.2025;91000
120;155;01.01.2023;60000
121;156;01.01.2023;53000
122;156;01.04.2024;57000
123;156;01.04.2025;61000
124;157;01.01.2023;49000
125;157;01.04.2024;53000
126;158;01.01.2023;58500
127;158;01.04.2024;63000
128;158;01.04.2025;67500
129;159;01.01.2023;59500
130;160;01.01.2023;50000
131;160;01.04.2025;53500
132;161;01.01.2023;58000
133;161;01.04.2024;62500
134;161;01.04.2025;67000
135;162;01.01.2023;52000
136;162;01.04.2024;56000
137;162;01.04.2025;60000
138;163;01.01.2023;70500
139;163;01.04.2024;76000
140;163;01.04.2025;81500
141;164;01.01.2023;88500
142;164;01.04.2024;95500
143;164;01.04.2025;102000
144;165;01.01.2023;51500
145;166;01.01.2023;49000
146;166;01.04.2024;53000
147;166;01.04.2025;56500
148;167;01.01.2023;50000
149;167;01.04.2024;54000
150;167;01.04.2025;58000
151;168;01.01.2023;51500
152;168;01.04.2024;55500
153;168;01.04.2025;59500
154;169;01.01.2023;54500
155;169;01.04.2025;58500
156;170;01.01.2023;44500
157;170;01.04.2024;48000
158;170;01.04.2025;51500
159;171;01.01.2023;51000
160;172;01.01.2023;44000
161;172;01.04.2025;47000
162;173;01.01.2023;44500
163;173;01.04.2024;48000
164;174;01.01.2023;50000
165;174;01.04.2024;54000
166;174;01.04.2025;58000
167;175;01.01.2023;49500
168;176;01.01.2023;54000
169;177;01.01.2023;51500
170;177;01.04.2024;55500
171;177;01.04.2025;59500
172;178;01.01.2023;50000
173;179;01.01.2023;54000
174;179;01.04.2024;58500
175;179;01.04.2025;62500
176;180;01.01.2023;48000
177;180;01.04.2024;52000
178;180;01.04.2025;55500
179;181;01.01.2023;196500
180;181;01.04.2024;218000
181;182;01.01.2023;108500
182;182;01.04.2024;120500
183;182;01.04.2025;132500
184;183;01.01.2023;106000
185;184;01.01.2023;108500
186;184;01.04.2024;120500
187;184;01.04.2025;132500
188;185;01.01.2023;136500
189;185;01.04.2024;151500
190;185;01.04.2025;166500
191;186;01.01.2023;142000
192;186;01.04.2024;157500
193;186;01.04.2025;173500
194;187;01.01.2023;131000
195;187;01.04.2024;145500
196;187;01.04.2025;160000
197;188;01.01.2023;123000
198;188;01.04.2024;136500
199;189;01.01.2023;89000
200;189;01.04.2024;99000
201;189;01.04.2025;109000
202;190;01.01.2023;139500
203;190;01.04.2024;155000
204;190;01.04.2025;170500
205;191;01.01.2023;99500
206;191;01.04.2024;110500
207;191;01.04.2025;121500
208;192;01.01.2023;136500
209;192;01.04.2024;147500
210;192;01.04.2025;158000
211;193;01.01.2023;90000
212;194;01.01.2023;72000
213;194;01.04.2024;78000
214;195;01.01.2023;82500
215;195;01.04.2024;89000
216;195;01.04.2025;95000
217;196;01.01.2023;81500
218;196;01.04.2024;88000
219;196;01.04.2025;94000
220;197;01.01.2023;67500
221;198;01.01.2023;67500
222;198;01.04.2024;73000
223;198;01.04.2025;78000
224;199;01.01.2023;91000
225;199;01.04.2024;98500
226;199;01.04.2025;105500
227;200;01.01.2023;131000
228;201;01.01.2023;53000
229;201;01.04.2024;57000
230;201;01.04.2025;61000
231;202;01.01.2023;64000
232;203;01.01.2023;79000
233;204;01.01.2023;52500
234;204;01.04.2024;56500
235;204;01.04.2025;60500
236;205;01.01.2023;269000
237;205;01.04.2024;290500
238;205;01.04.2025;311000
239;206;01.01.2023;67000
240;206;01.04.2025;71500
241;207;01.01.2023;72500
242;207;01.04.2024;78500
243;207;01.04.2025;84000
244;208;01.01.2023;63000
245;209;01.01.2023;57000
246;209;01.04.2024;61500
247;209;01.04.2025;66000
248;210;01.01.2023;70500
249;210;01.04.2024;76000
250;211;07.07.2023;63000
251;212;20.07.2023;74000
252;212;01.04.2024;80000
253;213;14.08.2023;74500
254;213;01.04.2024;80500
255;214;26.07.2023;68500
256;214;01.04.2025;73500
257;215;02.10.2023;59500
258;215;01.04.2024;64500
259;216;06.09.2023;74000
260;217;19.04.2023;73000
261;218;27.12.2023;66000
262;218;01.04.2024;71500
263;218;01.04.2025;76500
264;219;25.04.2023;64000
265;219;01.04.2025;68500
266;220;10.05.2023;54500
267;221;22.09.2023;56000
268;221;01.04.2024;60500
269;221;01.04.2025;64500
270;222;12.09.2023;52500
271;222;01.04.2024;56500
272;222;01.04.2025;60500
273;223;14.02.2023;77000
274;223;01.04.2024;83000
275;224;09.08.2023;71500
276;224;01.04.2024;77000
277;224;01.04.2025;82500
278;225;13.04.2023;86000
279;226;18.02.2023;56500
280;226;01.04.2024;61000
281;226;01.04.2025;65500
282;227;22.11.2023;48500
283;227;01.04.2024;52500
284;228;19.01.2023;52000
285;228;01.04.2024;56000
286;229;01.02.2023;51500
287;230;07.04.2023;51500
288;230;01.04.2024;55500
289;231;05.11.2023;109000
290;231;01.04.2024;121000
291;231;01.04.2025;133000
292;232;14.05.2023;118500
293;232;01.04.2024;131500
294;232;01.04.2025;144500
295;233;18.09.2023;74500
296;233;01.04.2024;80500
297;234;04.08.2023;86000
298;234;01.04.2024;93000
299;234;01.04.2025;99500
300;235;16.11.2024;85000
301;235;01.04.2025;91000
302;236;09.04.2024;75500
303;236;01.04.2025;81000
304;237;08.04.2024;77500
305;237;01.04.2025;83000
306;238;16.02.2024;75500
307;239;20.05.2024;76000
308;239;01.04.2025;81500
309;240;17.09.2024;63500
310;241;27.12.2024;62000
311;241;01.04.2025;66500
312;242;22.11.2024;55500
313;242;01.04.2025;59500
314;243;15.09.2024;58000
315;244;01.11.2024;48000
316;245;16.11.2024;75000
317;246;06.02.2024;59500
318;246;01.04.2025;63500
319;247;13.07.2024;49000
320;247;01.04.2025;52500
321;248;21.01.2024;55000
322;248;01.04.2025;59000
323;249;10.04.2024;82000
324;249;01.04.2025;87500
325;250;03.12.2024;60000
326;250;01.04.2025;64000
327;251;13.04.2024;46000
328;252;08.03.2024;50000
329;253;21.11.2024;46500
330;253;01.04.2025;50000
331;254;22.09.2024;55500
332;255;26.12.2024;97500
333;255;01.04.2025;107500
334;256;16.05.2024;148500
335;256;01.04.2025;163500
336;257;11.10.2024;68500
337;257;01.04.2025;73500
338;258;07.08.2024;59500
339;258;01.04.2025;63500
340;259;18.06.2024;51000
341;259;01.04.2025;54500
342;260;06.03.2025;76500
343;261;25.03.2025;72500
344;262;18.02.2025;64500
345;263;14.03.2025;72000
346;264;19.09.2025;72500
347;265;10.03.2025;63000
348;266;27.09.2025;70000
349;267;09.03.2025;62000
350;268;28.09.2025;61500
351;269;15.02.2025;60500
352;270;28.10.2025;59000
353;271;09.02.2025;66000
354;272;17.02.2025;52500
355;273;04.10.2025;83000
356;274;09.11.2025;60500
357;275;09.04.2025;64500
358;276;11.12.2025;55000
359;277;25.02.2025;49000
360;278;08.04.2025;52000
361;279;17.09.2025;55500
362;280;10.09.2025;59000
363;281;05.05.2025;134000
364;282;26.01.2025;154000
365;283;10.10.2025;72500
366;284;22.09.2025;69500
367;285;06.03.2025;67000
