id;сотрудник_id;дата увольнения;основание;добровольное
1;112;12.01.2023;истечение срочного договора;нет
2;178;23.01.2023;инициатива работодателя;нет
3;138;28.01.2023;соглашение сторон;нет
4;183;06.03.2023;по собственному желанию;да
5;197;23.03.2023;истечение срочного договора;нет
6;175;27.03.2023;по собственному желанию;да
7;229;03.04.2023;не прошёл испытательный срок;нет
8;171;09.04.2023;по собственному желанию;да
9;129;17.04.2023;по собственному желанию;да
10;103;09.05.2023;по собственному желанию;да
11;159;20.05.2023;по собственному желанию;да
12;217;28.06.2023;не прошёл испытательный срок;нет
13;155;19.07.2023;по собственному желанию;да
14;202;07.08.2023;соглашение сторон;нет
15;211;14.08.2023;по собственному желанию;да
16;120;06.09.2023;по собственному желанию;да
17;176;12.09.2023;истечение срочного договора;нет
18;125;27.09.2023;по собственному желанию;да
19;134;08.10.2023;соглашение сторон;нет
20;216;06.12.2023;по собственному желанию;да
21;137;14.12.2023;по собственному желанию;да
22;208;07.01.2024;соглашение сторон;нет
23;165;19.01.2024;истечение срочного договора;нет
24;152;22.01.2024;по собственному желанию;да
25;220;27.01.2024;по собственному желанию;да
26;119;18.02.2024;по собственному желанию;да
27;238;26.03.2024;не прошёл испытательный срок;нет
28;147;23.04.2024;соглашение сторон;нет
29;212;03.05.2024;по собственному желанию;да
30;225;18.05.2024;по собственному желанию;да
31;251;20.05.2024;по собственному желанию;да
32;223;09.06.2024;истечение срочного договора;нет
33;146;15.06.2024;истечение срочного договора;нет
34;117;16.07.2024;соглашение сторон;нет
35;113;09.08.2024;по собственному желанию;да
36;240;09.10.2024;по собственному желанию;да
37;188;13.10.2024;по собственному желанию;да
38;194;13.10.2024;истечение срочного договора;нет
39;230;19.10.2024;по собственному желанию;да
40;126;08.11.2024;по собственному желанию;да
41;254;18.11.2024;не прошёл испытательный срок;нет
42;243;20.11.2024;не прошёл испытательный срок;нет
43;133;02.01.2025;по собственному желанию;да
44;227;04.01.2025;истечение срочного договора;нет
45;110;15.01.2025;по собственному желанию;да
46;130;21.01.2025;по собственному желанию;да
47;118;06.02.2025;по собственному желанию;да
48;215;05.03.2025;по собственному желанию;да
49;277;19.03.2025;по собственному желанию;да
50;244;22.03.2025;истечение срочного договора;нет
51;252;13.04.2025;по собственному желанию;да
52;256;26.04.2025;по собственному желанию;да
53;193;27.05.2025;по собственному желанию;да
54;221;22.06.2025;по собственному желанию;да
55;248;18.07.2025;по собственному желанию;да
56;239;13.08.2025;соглашение сторон;нет
57;115;26.09.2025;по собственному желанию;да
58;258;27.09.2025;инициатива работодателя;нет
59;280;01.10.2025;по собственному желанию;да
60;148;08.10.2025;по собственному желанию;да
61;209;15.10.2025;истечение срочного договора;нет
62;226;26.10.2025;по собственному желанию;да
63;264;21.11.2025;не прошёл испытательный срок;нет
64;266;25.11.2025;не прошёл испытательный срок;нет
65;127;04.12.2025;истечение срочного договора;нет
