id;отдел;должность;открыта;закрыта;нанят_id
1;Продажи;старший менеджер по продажам;15.10.2024;16.11.2024;235
2;Продажи;менеджер по продажам;15.03.2024;09.04.2024;236
3;Продажи;старший менеджер по продажам;24.02.2024;08.04.2024;237
4;Продажи;менеджер по продажам;04.01.2024;16.02.2024;238
5;Продажи;старший менеджер по продажам;09.04.2024;20.05.2024;239
6;Продажи;менеджер по продажам;27.07.2024;17.09.2024;240
7;Маркетинг;маркетолог;22.10.2024;27.12.2024;241
8;Маркетинг;контент-менеджер;15.10.2024;22.11.2024;242
9;Производство;наладчик;22.08.2024;15.09.2024;243
10;Производство;оператор линии;05.10.2024;01.11.2024;244
11;Производство;мастер смены;14.10.2024;16.11.2024;245
12;Производство;оператор линии;24.12.2023;06.02.2024;246
13;Производство;оператор линии;12.06.2024;13.07.2024;247
14;Производство;оператор линии;14.12.2023;21.01.2024;248
15;Производство;технолог;07.03.2024;10.04.2024;249
16;Склад и логистика;водитель погрузчика;16.10.2024;03.12.2024;250
17;Склад и логистика;комплектовщик;24.03.2024;13.04.2024;251
18;Склад и логистика;кладовщик;31.01.2024;08.03.2024;252
19;Склад и логистика;комплектовщик;03.10.2024;21.11.2024;253
20;Склад и логистика;водитель погрузчика;28.08.2024;22.09.2024;254
21;ИТ;системный администратор;07.10.2024;26.12.2024;255
22;ИТ;программист 1С;03.02.2024;16.05.2024;256
23;Финансы;бухгалтер;27.08.2024;11.10.2024;257
24;HR;рекрутер;17.06.2024;07.08.2024;258
25;Администрация;офис-менеджер;19.05.2024;18.06.2024;259
26;Продажи;старший менеджер по продажам;18.01.2025;06.03.2025;260
27;Продажи;менеджер по продажам;01.02.2025;25.03.2025;261
28;Продажи;менеджер по продажам;20.12.2024;18.02.2025;262
29;Продажи;менеджер по продажам;25.01.2025;14.03.2025;263
30;Продажи;менеджер по продажам;06.08.2025;19.09.2025;264
31;Продажи;менеджер по продажам;24.01.2025;10.03.2025;265
32;Продажи;менеджер по продажам;29.07.2025;27.09.2025;266
33;Продажи;менеджер по продажам;25.01.2025;09.03.2025;267
34;Маркетинг;контент-менеджер;03.08.2025;28.09.2025;268
35;Производство;наладчик;31.12.2024;15.02.2025;269
36;Производство;оператор линии;04.10.2025;28.10.2025;270
37;Производство;технолог;21.12.2024;09.02.2025;271
38;Производство;оператор линии;27.01.2025;17.02.2025;272
39;Производство;мастер смены;09.09.2025;04.10.2025;273
40;Производство;наладчик;15.10.2025;09.11.2025;274
41;Производство;наладчик;01.03.2025;09.04.2025;275
42;Склад и логистика;кладовщик;29.10.2025;11.12.2025;276
43;Склад и логистика;кладовщик;01.02.2025;25.02.2025;277
44;Склад и логистика;комплектовщик;12.03.2025;08.04.2025;278
45;Склад и логистика;водитель погрузчика;16.08.2025;17.09.2025;279
46;Склад и логистика;водитель погрузчика;19.08.2025;10.09.2025;280
47;ИТ;аналитик данных;10.02.2025;05.05.2025;281
48;ИТ;программист 1С;19.10.2024;26.01.2025;282
49;Финансы;бухгалтер;25.08.2025;10.10.2025;283
50;HR;специалист по кадровому делопроизводству;08.08.2025;22.09.2025;284
51;Администрация;специалист по охране труда;13.01.2025;06.03.2025;285
52;Продажи;менеджер по продажам;10.11.2025;;
53;Производство;оператор линии;01.12.2025;;
54;ИТ;аналитик данных;06.10.2025;;
55;Склад и логистика;кладовщик;15.12.2025;;
